Edge,Times Restored
"(0,1)",0
"(0,2)",0
"(0,3)",0
"(0,4)",0
"(0,5)",0
"(0,6)",0
"(0,7)",0
"(0,8)",0
"(0,9)",0
"(0,10)",0
"(0,11)",0
"(0,12)",0
"(0,13)",0
"(0,14)",0
"(0,15)",0
"(0,16)",0
"(0,17)",0
"(0,18)",0
"(0,19)",0
"(0,20)",0
"(0,21)",0
"(0,22)",0
"(0,23)",0
"(0,24)",0
"(0,25)",0
"(0,26)",0
"(0,27)",0
"(0,28)",0
"(0,29)",0
"(0,30)",0
"(0,31)",0
"(0,32)",0
"(0,33)",0
"(0,34)",0
"(0,35)",0
"(0,36)",0
"(0,37)",0
"(0,38)",0
"(0,39)",0
"(0,40)",0
"(0,41)",0
"(0,42)",0
"(0,43)",0
"(0,44)",0
"(0,45)",0
"(0,46)",0
"(0,47)",0
"(0,48)",0
"(0,49)",0
"(0,50)",0
"(0,51)",0
"(0,52)",0
"(0,53)",0
"(0,54)",0
"(0,55)",0
"(0,56)",0
"(0,57)",0
"(0,58)",0
"(0,59)",0
"(0,60)",0
"(0,61)",0
"(0,62)",0
"(0,63)",0
"(0,64)",0
"(0,65)",0
"(0,66)",0
"(0,67)",0
"(0,68)",0
"(0,69)",0
"(0,70)",0
"(0,71)",0
"(0,72)",0
"(0,73)",0
"(0,74)",0
"(0,75)",0
"(0,76)",0
"(0,77)",0
"(0,78)",0
"(0,79)",0
"(0,80)",0
"(0,81)",0
"(0,82)",0
"(0,83)",0
"(0,84)",0
"(0,85)",0
"(0,86)",0
"(0,87)",0
"(0,88)",0
"(0,89)",0
"(0,90)",0
"(0,91)",0
"(0,92)",0
"(0,93)",0
"(0,94)",0
"(0,95)",0
"(0,96)",0
"(0,97)",0
"(0,98)",0
"(0,99)",0
"(0,100)",0
"(0,101)",0
"(0,102)",0
"(0,103)",0
"(0,104)",0
"(0,105)",0
"(0,106)",0
"(0,107)",0
"(0,108)",0
"(0,109)",0
"(0,110)",0
"(0,111)",0
"(0,112)",0
"(0,113)",0
"(0,114)",0
"(0,115)",0
"(0,116)",0
"(0,117)",0
"(0,118)",0
"(0,119)",0
"(0,120)",0
"(0,121)",0
"(0,122)",0
"(0,123)",0
"(0,124)",0
"(0,125)",0
"(0,126)",0
"(0,127)",0
"(0,128)",0
"(0,129)",0
"(0,130)",0
"(0,131)",0
"(0,132)",0
"(0,133)",0
"(0,134)",0
"(0,135)",0
"(0,136)",0
"(0,137)",0
"(0,138)",0
"(0,139)",0
"(0,140)",0
"(0,141)",0
"(0,142)",0
"(0,143)",0
"(0,144)",0
"(0,145)",0
"(0,146)",0
"(0,147)",0
"(0,148)",0
"(0,149)",0
"(0,150)",0
"(0,151)",0
"(0,152)",0
"(0,153)",0
"(0,154)",0
"(0,155)",0
"(0,156)",0
"(0,157)",0
"(0,158)",0
"(0,159)",0
"(0,160)",0
"(0,161)",0
"(0,162)",0
"(0,163)",0
"(0,164)",0
"(0,165)",0
"(0,166)",0
"(0,2101)",0
"(0,2374)",0
"(1,325)",0
"(1,330)",0
"(1,99)",0
"(1,1736)",0
"(2,387)",0
"(2,392)",0
"(2,1639)",0
"(2,83)",0
"(2,1640)",0
"(3,163)",0
"(3,2156)",1
"(3,19)",0
"(3,22)",0
"(3,31)",0
"(3,47)",0
"(3,2157)",1
"(3,1948)",0
"(3,111)",0
"(3,2090)",0
"(4,714)",0
"(4,474)",0
"(4,100)",0
"(5,714)",0
"(5,1754)",0
"(5,93)",0
"(5,94)",0
"(6,60)",0
"(7,223)",0
"(7,58)",1
"(8,164)",0
"(8,1547)",0
"(8,1551)",0
"(9,95)",0
"(9,1784)",0
"(9,1946)",0
"(9,1497)",0
"(10,74)",0
"(10,2413)",0
"(11,161)",0
"(11,2231)",0
"(11,77)",1
"(11,78)",1
"(12,1952)",0
"(12,71)",0
"(13,2468)",1
"(14,1351)",0
"(14,2101)",0
"(14,56)",0
"(14,57)",1
"(15,1337)",0
"(15,1342)",0
"(15,946)",0
"(16,1656)",0
"(16,2203)",0
"(16,86)",0
"(17,490)",1
"(17,760)",0
"(17,2408)",1
"(18,161)",0
"(19,2101)",0
"(19,73)",0
"(20,1976)",0
"(21,101)",0
"(21,2387)",0
"(21,2501)",0
"(22,2539)",0
"(23,1972)",2
"(23,89)",1
"(23,90)",1
"(25,1315)",0
"(26,1857)",0
"(26,1952)",0
"(26,1873)",0
"(27,2137)",0
"(28,161)",0
"(29,52)",0
"(29,1959)",0
"(30,1297)",0
"(30,2044)",0
"(30,2101)",0
"(30,138)",0
"(31,148)",0
"(31,2090)",0
"(32,86)",0
"(32,141)",1
"(33,86)",0
"(34,2268)",0
"(34,78)",1
"(34,2424)",0
"(35,60)",0
"(35,2447)",0
"(35,2632)",0
"(36,2436)",0
"(37,125)",1
"(38,2318)",1
"(39,60)",0
"(40,60)",0
"(40,94)",0
"(42,1351)",0
"(42,2101)",0
"(42,161)",0
"(44,60)",0
"(45,1351)",0
"(45,2101)",0
"(45,161)",0
"(46,1754)",0
"(46,2252)",0
"(46,107)",0
"(46,108)",0
"(47,1663)",0
"(47,2534)",0
"(48,2101)",0
"(48,161)",0
"(48,1354)",0
"(48,301)",0
"(49,1754)",1
"(50,1351)",0
"(50,2101)",0
"(50,161)",0
"(51,167)",0
"(51,2138)",1
"(51,2157)",0
"(52,164)",0
"(52,261)",0
"(52,1308)",0
"(52,1309)",0
"(52,1310)",0
"(52,1311)",0
"(52,1312)",0
"(52,55)",0
"(52,72)",0
"(52,84)",0
"(52,1313)",0
"(52,1314)",0
"(52,112)",1
"(52,1315)",0
"(52,1316)",0
"(52,1317)",0
"(52,1318)",0
"(52,1319)",0
"(52,1030)",0
"(52,956)",0
"(53,192)",0
"(53,1857)",0
"(53,97)",0
"(54,854)",0
"(54,102)",0
"(54,106)",0
"(54,132)",0
"(55,1959)",0
"(55,1310)",1
"(55,1313)",1
"(55,1316)",0
"(56,95)",0
"(56,167)",0
"(56,121)",0
"(56,2253)",0
"(56,2044)",0
"(56,155)",0
"(57,1351)",0
"(58,1806)",0
"(59,1391)",1
"(60,462)",0
"(60,463)",0
"(60,464)",0
"(60,465)",0
"(60,101)",0
"(60,123)",0
"(60,466)",0
"(60,151)",0
"(60,153)",0
"(60,160)",0
"(60,1976)",0
"(61,551)",0
"(61,1148)",1
"(61,1151)",0
"(61,1703)",1
"(61,578)",1
"(62,1755)",1
"(63,956)",0
"(63,160)",0
"(64,1547)",0
"(64,99)",0
"(64,2344)",1
"(64,68)",1
"(65,99)",1
"(65,1736)",0
"(65,1855)",2
"(65,1856)",1
"(66,309)",0
"(66,490)",0
"(66,493)",0
"(66,311)",0
"(66,494)",0
"(66,495)",0
"(66,496)",0
"(66,475)",0
"(66,497)",0
"(66,498)",0
"(66,315)",0
"(67,1168)",0
"(67,99)",0
"(67,2333)",1
"(67,1856)",1
"(67,1170)",1
"(68,1342)",0
"(68,1340)",0
"(68,2344)",0
"(69,1852)",0
"(69,524)",0
"(69,322)",0
"(69,314)",0
"(69,164)",0
"(69,71)",0
"(70,151)",0
"(70,152)",0
"(71,95)",0
"(71,1874)",0
"(71,2372)",0
"(71,2373)",0
"(71,82)",0
"(71,96)",0
"(71,114)",0
"(71,120)",0
"(71,1683)",0
"(71,1951)",0
"(71,2099)",0
"(71,164)",0
"(71,2374)",0
"(72,1168)",0
"(73,2102)",0
"(74,2412)",1
"(74,1810)",0
"(74,1954)",0
"(74,127)",0
"(75,1452)",0
"(75,2258)",0
"(75,2294)",0
"(75,2385)",0
"(76,346)",0
"(76,1663)",0
"(76,363)",0
"(76,98)",0
"(78,2101)",0
"(78,143)",0
"(79,760)",0
"(79,1120)",0
"(79,160)",0
"(79,476)",0
"(80,95)",0
"(80,1171)",2
"(80,1172)",1
"(81,164)",0
"(81,162)",0
"(82,2101)",0
"(82,2374)",1
"(83,384)",0
"(83,1639)",0
"(83,406)",0
"(83,414)",0
"(84,1309)",0
"(84,1311)",0
"(84,192)",0
"(84,1660)",2
"(84,1315)",1
"(84,1319)",0
"(85,1419)",0
"(85,2530)",0
"(86,2174)",0
"(86,98)",0
"(86,107)",0
"(86,139)",1
"(86,140)",0
"(86,141)",0
"(86,142)",1
"(86,147)",0
"(87,111)",0
"(87,1682)",1
"(87,1683)",0
"(88,1972)",1
"(88,89)",2
"(88,157)",2
"(89,1972)",2
"(89,2438)",1
"(89,157)",2
"(89,90)",2
"(90,1972)",2
"(90,2438)",2
"(90,157)",2
"(91,2101)",0
"(91,2445)",1
"(91,92)",1
"(91,465)",0
"(91,2446)",2
"(92,2446)",1
"(93,1754)",0
"(93,1755)",1
"(93,108)",0
"(94,1351)",0
"(94,462)",0
"(94,129)",0
"(94,133)",0
"(94,1354)",0
"(94,165)",0
"(95,1732)",0
"(95,1171)",0
"(95,1172)",0
"(95,1551)",0
"(95,1547)",0
"(95,1497)",0
"(95,1736)",0
"(95,106)",0
"(95,1769)",0
"(95,1770)",0
"(96,164)",0
"(96,1663)",0
"(96,1806)",0
"(96,1807)",0
"(96,1808)",0
"(96,1809)",0
"(96,1810)",0
"(96,1811)",0
"(96,1812)",0
"(96,259)",0
"(96,1813)",0
"(96,1814)",0
"(97,192)",0
"(97,1857)",0
"(98,160)",0
"(99,332)",0
"(99,1855)",1
"(99,1856)",1
"(99,1857)",0
"(99,114)",0
"(99,134)",0
"(99,1814)",0
"(100,1307)",0
"(100,2423)",0
"(100,1988)",0
"(101,1351)",0
"(103,1888)",0
"(103,151)",0
"(104,760)",0
"(104,776)",0
"(104,2359)",0
"(105,1784)",0
"(105,2259)",0
"(105,2261)",1
"(106,1169)",0
"(106,259)",0
"(107,2499)",0
"(107,2500)",0
"(107,2501)",1
"(107,144)",1
"(107,1353)",0
"(107,2502)",0
"(107,466)",0
"(107,147)",0
"(108,2234)",0
"(108,145)",0
"(109,2101)",0
"(109,2503)",0
"(109,115)",2
"(109,2105)",2
"(109,156)",1
"(110,1663)",0
"(110,1937)",0
"(110,1938)",0
"(110,1939)",0
"(110,1940)",0
"(110,1809)",0
"(110,1445)",0
"(110,1662)",0
"(110,1941)",0
"(110,1942)",1
"(110,1943)",0
"(110,126)",0
"(110,1944)",0
"(110,135)",0
"(111,1945)",0
"(111,1621)",0
"(111,1946)",0
"(111,1553)",0
"(111,1947)",0
"(111,1948)",0
"(111,126)",0
"(111,1949)",0
"(111,1950)",0
"(111,1951)",0
"(111,149)",0
"(111,148)",0
"(112,1314)",1
"(112,1959)",1
"(112,1309)",1
"(112,1310)",1
"(112,1312)",0
"(112,1319)",0
"(112,1030)",1
"(113,161)",0
"(114,1857)",0
"(114,2373)",0
"(114,1175)",0
"(114,2530)",0
"(115,2105)",1
"(115,156)",1
"(116,2101)",0
"(116,156)",0
"(117,137)",1
"(118,124)",1
"(118,2370)",1
"(119,161)",0
"(120,1809)",0
"(120,127)",0
"(120,2527)",0
"(120,136)",0
"(120,2528)",0
"(120,2253)",0
"(120,148)",0
"(120,2137)",0
"(121,436)",0
"(121,2529)",1
"(121,2423)",1
"(122,1355)",0
"(123,124)",1
"(124,2531)",0
"(126,1952)",0
"(127,1952)",0
"(127,2535)",0
"(127,2536)",0
"(127,1953)",0
"(127,1954)",0
"(128,1810)",0
"(128,1811)",1
"(129,161)",0
"(129,165)",2
"(129,463)",0
"(129,2544)",0
"(130,1547)",0
"(130,2136)",0
"(130,2542)",0
"(131,1873)",0
"(131,2441)",0
"(131,1992)",0
"(131,1939)",0
"(131,1485)",0
"(132,2374)",0
"(133,1754)",0
"(133,2136)",0
"(134,2373)",0
"(134,1993)",0
"(136,301)",0
"(136,2547)",0
"(138,2101)",0
"(138,1282)",0
"(139,142)",2
"(140,142)",1
"(143,161)",0
"(144,1173)",0
"(144,2499)",0
"(144,2500)",0
"(144,2502)",0
"(146,163)",0
"(146,1963)",0
"(147,1173)",0
"(147,2501)",0
"(148,1946)",0
"(148,1949)",0
"(148,149)",0
"(148,161)",0
"(149,2015)",0
"(149,1980)",0
"(149,2016)",0
"(150,2027)",2
"(150,2028)",0
"(150,1389)",0
"(151,1959)",0
"(151,1976)",0
"(151,152)",0
"(152,2325)",0
"(154,155)",0
"(154,2674)",0
"(155,2090)",0
"(155,1188)",0
"(155,1750)",0
"(155,1751)",0
"(157,1972)",2
"(158,2099)",0
"(159,714)",0
"(159,756)",0
"(160,2101)",0
"(160,2108)",0
"(160,2109)",0
"(160,2110)",0
"(160,166)",0
"(160,2255)",0
"(161,463)",0
"(161,2105)",0
"(161,2113)",0
"(161,1770)",0
"(162,2116)",0
"(162,983)",0
"(162,1484)",0
"(162,1483)",0
"(162,2312)",0
"(163,1164)",1
"(163,1165)",0
"(163,1166)",1
"(163,1167)",0
"(163,956)",0
"(164,244)",0
"(164,245)",0
"(164,246)",0
"(164,247)",0
"(164,248)",0
"(164,249)",0
"(164,250)",0
"(164,251)",0
"(164,216)",0
"(164,252)",0
"(164,253)",0
"(164,254)",0
"(164,255)",0
"(164,256)",0
"(164,257)",0
"(164,258)",0
"(164,259)",0
"(164,260)",0
"(164,261)",0
"(164,262)",0
"(164,263)",0
"(164,264)",0
"(164,212)",0
"(166,2101)",0
"(167,168)",0
"(167,169)",0
"(169,1493)",0
"(169,2420)",0
"(169,2421)",0
"(169,2422)",0
"(170,171)",0
"(170,172)",0
"(170,173)",0
"(170,174)",0
"(170,175)",0
"(170,176)",0
"(170,177)",0
"(170,178)",0
"(170,179)",0
"(170,180)",0
"(170,181)",0
"(170,182)",0
"(170,183)",0
"(170,184)",0
"(170,185)",0
"(170,186)",0
"(170,187)",0
"(170,188)",0
"(170,189)",0
"(170,190)",0
"(170,191)",0
"(170,192)",0
"(170,193)",0
"(170,194)",0
"(170,195)",0
"(170,196)",0
"(170,197)",0
"(170,198)",0
"(170,199)",0
"(170,200)",0
"(170,201)",0
"(170,202)",0
"(170,203)",0
"(170,204)",0
"(170,205)",0
"(170,206)",0
"(170,207)",0
"(170,208)",0
"(170,209)",0
"(170,210)",0
"(170,211)",0
"(170,212)",0
"(171,261)",0
"(171,225)",0
"(171,1529)",0
"(171,938)",0
"(172,207)",2
"(173,337)",0
"(173,1665)",0
"(174,223)",0
"(174,1284)",0
"(174,949)",0
"(175,940)",0
"(175,261)",0
"(175,974)",0
"(176,261)",0
"(176,938)",0
"(176,974)",1
"(177,936)",0
"(177,261)",0
"(177,938)",1
"(178,185)",0
"(179,261)",0
"(179,197)",0
"(180,943)",0
"(180,1438)",0
"(180,221)",0
"(181,743)",0
"(182,262)",0
"(183,203)",0
"(183,223)",0
"(183,1648)",0
"(184,854)",0
"(184,261)",0
"(184,223)",0
"(184,1678)",0
"(184,936)",0
"(184,206)",0
"(184,978)",0
"(185,225)",0
"(185,199)",0
"(185,211)",0
"(185,854)",0
"(185,261)",0
"(185,1670)",0
"(186,226)",0
"(186,227)",0
"(186,199)",0
"(186,936)",0
"(186,1797)",0
"(187,190)",0
"(189,854)",0
"(189,260)",1
"(189,261)",0
"(189,960)",0
"(189,935)",1
"(190,223)",0
"(190,448)",0
"(190,831)",0
"(190,1451)",0
"(190,196)",0
"(190,436)",0
"(191,261)",0
"(191,225)",1
"(191,940)",0
"(191,193)",0
"(192,854)",0
"(192,932)",0
"(192,933)",0
"(192,934)",0
"(192,1660)",1
"(192,1661)",0
"(192,1315)",0
"(192,1962)",0
"(193,261)",0
"(193,959)",0
"(193,962)",0
"(193,968)",0
"(193,969)",0
"(193,975)",0
"(193,197)",0
"(193,861)",0
"(193,206)",0
"(193,979)",0
"(193,980)",0
"(193,957)",0
"(194,213)",0
"(194,205)",0
"(194,978)",0
"(194,1102)",0
"(195,213)",0
"(195,261)",0
"(195,211)",1
"(195,1389)",0
"(196,950)",0
"(196,261)",0
"(196,831)",1
"(197,213)",0
"(197,943)",0
"(197,1672)",0
"(197,1017)",0
"(198,213)",0
"(198,950)",0
"(198,261)",0
"(198,223)",0
"(198,1649)",0
"(199,213)",0
"(200,235)",0
"(200,865)",0
"(200,261)",0
"(200,872)",0
"(200,1237)",0
"(201,261)",0
"(201,1015)",0
"(201,740)",0
"(201,1018)",0
"(202,205)",0
"(202,261)",0
"(202,954)",0
"(203,854)",0
"(203,260)",0
"(203,261)",0
"(203,223)",0
"(204,213)",0
"(205,854)",0
"(205,945)",1
"(205,948)",0
"(205,949)",0
"(205,212)",0
"(205,223)",0
"(206,261)",0
"(206,249)",0
"(206,936)",0
"(206,978)",0
"(206,1668)",0
"(208,974)",0
"(209,272)",0
"(209,261)",0
"(209,969)",0
"(209,1324)",1
"(210,950)",0
"(210,1670)",0
"(211,261)",0
"(211,1389)",0
"(211,962)",0
"(212,854)",0
"(212,988)",0
"(213,214)",0
"(213,215)",0
"(213,216)",0
"(213,217)",0
"(213,218)",0
"(213,219)",0
"(213,220)",0
"(213,221)",0
"(213,222)",0
"(213,223)",0
"(213,224)",0
"(214,477)",0
"(214,943)",0
"(214,1598)",0
"(214,2291)",0
"(215,223)",0
"(215,1835)",0
"(215,1800)",0
"(215,217)",0
"(216,1015)",0
"(216,1334)",0
"(216,1016)",0
"(216,245)",0
"(216,964)",0
"(216,353)",0
"(216,942)",0
"(216,254)",0
"(216,222)",0
"(216,1017)",0
"(216,1018)",0
"(218,1670)",0
"(218,1678)",0
"(219,936)",0
"(219,261)",0
"(219,1628)",0
"(219,941)",1
"(219,966)",0
"(219,1655)",0
"(220,272)",0
"(220,854)",0
"(220,261)",0
"(220,223)",0
"(220,1102)",0
"(221,1438)",1
"(221,971)",0
"(222,1467)",0
"(223,854)",0
"(223,260)",0
"(223,261)",0
"(223,958)",0
"(223,982)",0
"(223,397)",0
"(223,983)",0
"(223,226)",0
"(223,415)",0
"(223,740)",0
"(223,984)",0
"(223,227)",0
"(223,947)",0
"(223,860)",0
"(223,262)",0
"(223,978)",0
"(223,427)",0
"(223,985)",0
"(223,986)",0
"(223,987)",0
"(223,376)",0
"(224,1648)",1
"(224,959)",0
"(224,1651)",1
"(225,940)",0
"(225,261)",0
"(225,229)",0
"(226,446)",0
"(226,261)",0
"(226,1346)",0
"(227,978)",0
"(227,1467)",0
"(227,845)",0
"(228,229)",1
"(228,230)",0
"(228,526)",0
"(229,814)",0
"(230,854)",0
"(230,1529)",0
"(230,2043)",0
"(231,232)",1
"(231,233)",1
"(231,234)",1
"(231,433)",0
"(231,1607)",1
"(232,346)",0
"(232,1647)",0
"(234,1899)",0
"(234,2037)",0
"(235,2073)",0
"(236,237)",0
"(237,1699)",0
"(237,1972)",0
"(238,239)",0
"(238,240)",0
"(238,241)",1
"(238,242)",2
"(239,241)",1
"(241,243)",0
"(241,242)",0
"(242,243)",1
"(242,1597)",1
"(242,2121)",2
"(242,2009)",0
"(243,1595)",1
"(244,261)",0
"(244,799)",0
"(244,451)",0
"(244,354)",0
"(244,1126)",0
"(244,1233)",0
"(244,784)",0
"(244,361)",0
"(244,1234)",0
"(244,685)",0
"(244,1235)",0
"(244,1133)",0
"(244,1236)",0
"(244,781)",0
"(244,986)",0
"(244,1237)",0
"(246,811)",0
"(246,261)",0
"(246,812)",0
"(246,972)",0
"(247,261)",0
"(247,249)",1
"(248,2004)",0
"(249,936)",0
"(249,261)",0
"(249,961)",0
"(249,963)",0
"(249,973)",0
"(250,377)",0
"(250,261)",0
"(250,2301)",0
"(251,499)",0
"(251,2314)",0
"(252,1485)",0
"(252,1486)",1
"(252,1487)",1
"(252,264)",1
"(252,1990)",0
"(253,1546)",0
"(253,744)",1
"(254,1963)",0
"(254,1814)",0
"(254,1290)",0
"(255,935)",0
"(255,261)",0
"(256,818)",0
"(256,261)",0
"(256,436)",0
"(256,2111)",0
"(257,2379)",1
"(257,2381)",1
"(257,2380)",1
"(258,1774)",1
"(258,1775)",1
"(258,1508)",0
"(258,1511)",0
"(259,261)",0
"(259,1963)",0
"(260,854)",0
"(260,932)",0
"(260,933)",0
"(260,856)",0
"(260,934)",0
"(260,935)",0
"(260,261)",0
"(261,854)",0
"(261,958)",0
"(261,932)",0
"(261,937)",0
"(261,933)",0
"(261,951)",0
"(261,959)",0
"(261,960)",0
"(261,961)",0
"(261,962)",0
"(261,389)",0
"(261,963)",0
"(261,855)",0
"(261,964)",0
"(261,965)",0
"(261,966)",0
"(261,967)",0
"(261,968)",0
"(261,856)",0
"(261,969)",0
"(261,934)",0
"(261,970)",0
"(261,971)",0
"(261,972)",0
"(261,938)",0
"(261,973)",0
"(261,974)",0
"(261,975)",0
"(261,976)",0
"(261,977)",0
"(261,744)",0
"(261,947)",0
"(261,936)",0
"(261,860)",0
"(261,861)",0
"(261,262)",0
"(261,978)",0
"(261,979)",0
"(261,980)",0
"(261,862)",0
"(261,981)",0
"(261,943)",0
"(262,978)",0
"(263,525)",0
"(263,1802)",1
"(263,2004)",0
"(264,1486)",0
"(264,1487)",1
"(265,266)",0
"(265,267)",0
"(265,268)",0
"(265,269)",0
"(265,270)",0
"(265,271)",0
"(265,272)",0
"(266,1617)",2
"(266,271)",0
"(267,272)",0
"(267,1599)",0
"(267,1610)",0
"(268,377)",0
"(268,818)",0
"(268,2418)",0
"(269,818)",0
"(269,840)",0
"(269,1382)",0
"(269,2409)",0
"(270,272)",0
"(270,2467)",1
"(271,272)",0
"(272,273)",0
"(272,274)",0
"(272,275)",0
"(272,276)",0
"(272,277)",0
"(272,278)",0
"(272,279)",0
"(272,280)",0
"(272,281)",0
"(272,282)",0
"(272,283)",0
"(272,284)",0
"(272,285)",0
"(272,286)",0
"(272,287)",0
"(272,288)",0
"(272,289)",0
"(272,290)",0
"(272,291)",0
"(272,292)",0
"(272,293)",0
"(272,294)",0
"(272,295)",0
"(272,296)",0
"(272,297)",0
"(272,298)",0
"(272,299)",0
"(272,300)",0
"(272,301)",0
"(272,302)",0
"(272,303)",0
"(272,304)",0
"(272,305)",0
"(272,306)",0
"(272,307)",0
"(272,308)",0
"(272,1382)",0
"(272,433)",0
"(273,857)",0
"(273,297)",0
"(273,1863)",1
"(274,305)",0
"(275,714)",0
"(275,818)",0
"(275,1382)",0
"(275,2247)",0
"(276,303)",2
"(277,2195)",0
"(278,2364)",2
"(279,1382)",0
"(280,619)",0
"(280,626)",0
"(281,2411)",1
"(282,1413)",0
"(282,1493)",0
"(282,1788)",0
"(282,2511)",0
"(283,300)",1
"(284,377)",0
"(284,1493)",0
"(285,1599)",0
"(286,1119)",0
"(286,1089)",0
"(286,295)",0
"(286,1130)",0
"(286,1563)",0
"(287,818)",0
"(288,1599)",0
"(288,1614)",0
"(288,1618)",0
"(289,621)",0
"(289,290)",2
"(290,619)",0
"(291,300)",0
"(291,1719)",0
"(291,299)",0
"(291,2082)",0
"(292,1149)",0
"(292,1608)",0
"(292,2410)",0
"(293,857)",0
"(293,1646)",0
"(294,377)",0
"(294,438)",0
"(295,1594)",0
"(295,839)",0
"(296,1695)",0
"(296,1709)",0
"(296,1710)",0
"(296,1711)",0
"(297,857)",0
"(297,1493)",0
"(297,1496)",0
"(298,377)",0
"(299,714)",0
"(299,906)",0
"(299,1904)",0
"(299,2439)",0
"(300,828)",1
"(301,1582)",0
"(302,1974)",1
"(302,1975)",2
"(303,619)",0
"(304,1738)",0
"(304,1739)",1
"(304,2317)",1
"(306,1382)",0
"(306,2409)",0
"(306,2654)",1
"(306,2655)",0
"(307,1493)",0
"(307,2659)",0
"(309,310)",1
"(309,311)",0
"(309,312)",0
"(309,313)",0
"(309,314)",0
"(309,315)",0
"(309,316)",1
"(310,1556)",0
"(310,1507)",0
"(310,316)",2
"(311,484)",0
"(312,320)",1
"(313,499)",0
"(313,315)",0
"(313,1556)",0
"(314,633)",0
"(314,634)",0
"(314,635)",0
"(314,2255)",0
"(315,317)",0
"(315,320)",0
"(315,321)",0
"(315,322)",0
"(315,501)",0
"(316,1556)",0
"(316,1823)",0
"(316,1558)",0
"(316,2071)",0
"(317,318)",2
"(317,319)",0
"(317,320)",2
"(318,320)",2
"(318,1509)",0
"(318,321)",2
"(319,320)",1
"(319,1658)",0
"(319,321)",1
"(321,322)",0
"(321,323)",1
"(322,499)",0
"(322,1659)",1
"(323,1510)",2
"(323,1508)",0
"(323,1506)",0
"(323,2188)",0
"(324,325)",0
"(324,326)",1
"(324,327)",0
"(324,328)",1
"(324,329)",1
"(325,329)",1
"(325,331)",0
"(326,854)",0
"(326,2137)",0
"(326,1991)",1
"(327,1984)",1
"(330,331)",0
"(330,1814)",0
"(331,332)",0
"(331,1784)",0
"(331,1736)",0
"(332,2323)",1
"(332,2324)",1
"(333,334)",0
"(333,335)",1
"(333,336)",1
"(333,1143)",1
"(334,1139)",2
"(334,1143)",2
"(335,336)",1
"(337,338)",0
"(337,339)",0
"(337,340)",0
"(338,340)",1
"(338,2154)",1
"(339,341)",0
"(339,919)",0
"(340,2154)",1
"(341,342)",0
"(341,343)",0
"(341,344)",0
"(341,345)",0
"(342,1302)",0
"(342,1206)",0
"(342,1350)",0
"(343,1305)",0
"(343,1306)",0
"(343,1273)",1
"(343,1287)",2
"(344,1297)",0
"(344,1563)",0
"(344,1794)",0
"(344,1895)",1
"(344,1965)",0
"(345,551)",0
"(345,923)",0
"(345,924)",0
"(345,925)",0
"(345,562)",0
"(345,926)",0
"(345,881)",0
"(345,1302)",0
"(345,1979)",0
"(346,347)",0
"(346,348)",0
"(346,349)",0
"(346,350)",0
"(346,351)",0
"(346,352)",0
"(346,353)",0
"(346,354)",0
"(346,355)",0
"(346,356)",0
"(346,357)",0
"(346,358)",0
"(346,359)",0
"(346,360)",0
"(346,361)",0
"(346,362)",0
"(346,363)",0
"(346,364)",0
"(346,365)",0
"(346,366)",0
"(346,367)",0
"(346,368)",0
"(346,369)",0
"(346,370)",0
"(346,371)",0
"(346,372)",0
"(346,373)",0
"(346,374)",0
"(346,375)",0
"(346,376)",0
"(346,854)",0
"(346,946)",0
"(347,918)",1
"(347,922)",0
"(348,1305)",0
"(348,1306)",0
"(348,883)",0
"(348,1205)",0
"(349,1130)",0
"(349,1732)",0
"(350,1218)",0
"(350,1654)",0
"(350,1563)",0
"(350,1850)",0
"(350,1561)",1
"(350,695)",0
"(350,1006)",0
"(350,698)",0
"(350,704)",0
"(351,1194)",0
"(352,1255)",0
"(353,985)",0
"(355,1302)",0
"(355,1019)",0
"(356,528)",0
"(356,565)",0
"(356,1084)",0
"(356,529)",0
"(356,547)",0
"(356,1239)",0
"(357,1879)",0
"(357,884)",0
"(358,1531)",1
"(358,1534)",1
"(359,528)",0
"(359,543)",0
"(359,1635)",0
"(360,1760)",0
"(361,797)",0
"(361,1120)",0
"(361,730)",0
"(361,731)",1
"(361,732)",0
"(361,1699)",0
"(361,362)",0
"(361,1981)",0
"(362,797)",0
"(362,1250)",0
"(362,803)",0
"(363,776)",0
"(364,2505)",1
"(365,1824)",0
"(365,767)",0
"(366,1194)",0
"(367,377)",0
"(367,1038)",0
"(367,426)",1
"(367,1730)",0
"(368,528)",0
"(368,2080)",0
"(368,548)",0
"(369,760)",0
"(369,1194)",0
"(370,672)",0
"(370,791)",0
"(370,519)",0
"(370,1120)",0
"(370,1881)",0
"(370,2014)",0
"(371,528)",0
"(371,865)",0
"(371,1075)",0
"(371,871)",2
"(371,868)",2
"(371,869)",1
"(372,528)",0
"(372,1076)",0
"(372,682)",0
"(372,1077)",0
"(372,1078)",0
"(372,689)",0
"(372,375)",1
"(372,550)",1
"(373,1194)",0
"(373,679)",0
"(373,680)",0
"(374,1019)",0
"(374,2073)",0
"(374,1120)",0
"(374,872)",0
"(374,376)",0
"(375,550)",0
"(375,689)",0
"(376,1237)",0
"(377,378)",0
"(377,379)",0
"(377,380)",0
"(377,381)",0
"(377,382)",0
"(377,383)",0
"(377,384)",0
"(377,385)",0
"(377,386)",0
"(377,387)",0
"(377,388)",0
"(377,389)",0
"(377,390)",0
"(377,391)",0
"(377,392)",0
"(377,393)",0
"(377,394)",0
"(377,395)",0
"(377,396)",0
"(377,397)",0
"(377,398)",0
"(377,399)",0
"(377,400)",0
"(377,401)",0
"(377,402)",0
"(377,403)",0
"(377,404)",0
"(377,405)",0
"(377,406)",0
"(377,407)",0
"(377,408)",0
"(377,409)",0
"(377,410)",0
"(377,411)",0
"(377,412)",0
"(377,413)",0
"(377,414)",0
"(377,415)",0
"(377,416)",0
"(377,417)",0
"(377,418)",0
"(377,419)",0
"(377,420)",0
"(377,421)",0
"(377,422)",0
"(377,423)",0
"(377,424)",0
"(377,425)",0
"(377,426)",0
"(377,427)",0
"(377,428)",0
"(377,429)",0
"(377,430)",0
"(377,431)",0
"(377,432)",0
"(377,433)",0
"(377,434)",0
"(377,435)",0
"(377,436)",0
"(377,437)",0
"(377,438)",0
"(377,439)",0
"(377,440)",0
"(377,441)",0
"(377,442)",0
"(377,443)",0
"(377,444)",0
"(377,445)",0
"(378,854)",0
"(381,1493)",0
"(381,435)",0
"(381,2106)",0
"(382,619)",0
"(382,626)",0
"(384,474)",0
"(384,414)",1
"(385,1732)",0
"(386,1493)",0
"(387,1804)",0
"(388,421)",1
"(389,854)",0
"(389,988)",0
"(389,1657)",0
"(390,1858)",0
"(391,2427)",0
"(392,1803)",0
"(393,1698)",0
"(395,714)",0
"(395,854)",0
"(397,854)",0
"(397,427)",1
"(398,714)",0
"(399,433)",0
"(400,714)",0
"(402,599)",0
"(402,626)",0
"(402,1136)",0
"(402,604)",0
"(404,860)",0
"(406,1333)",0
"(406,1640)",0
"(408,714)",0
"(409,2196)",0
"(409,2238)",0
"(409,2416)",1
"(409,2426)",0
"(410,2248)",2
"(410,1566)",1
"(410,2326)",1
"(411,714)",0
"(411,2292)",0
"(412,413)",0
"(413,1493)",0
"(413,418)",0
"(413,422)",2
"(414,474)",0
"(415,854)",0
"(415,427)",1
"(416,1566)",0
"(416,424)",0
"(417,1493)",0
"(417,1496)",0
"(418,714)",0
"(418,419)",0
"(418,422)",1
"(419,944)",0
"(419,719)",0
"(419,1344)",0
"(419,1585)",0
"(419,1586)",0
"(419,429)",0
"(419,986)",0
"(420,599)",0
"(422,1493)",0
"(423,1858)",0
"(423,2063)",0
"(425,714)",0
"(425,1493)",0
"(425,1911)",0
"(425,1912)",0
"(425,612)",0
"(425,432)",0
"(426,1038)",1
"(427,854)",0
"(428,1661)",0
"(429,1495)",0
"(429,1496)",0
"(430,818)",0
"(430,824)",1
"(430,2409)",0
"(431,1097)",1
"(431,1099)",1
"(431,432)",1
"(431,1493)",0
"(432,1097)",1
"(432,1101)",0
"(432,1099)",1
"(432,1493)",0
"(433,2087)",1
"(433,1233)",0
"(433,1623)",0
"(433,1544)",0
"(433,1545)",0
"(433,2088)",1
"(434,854)",0
"(434,1672)",0
"(435,714)",0
"(435,1493)",0
"(438,714)",0
"(438,451)",0
"(438,857)",0
"(439,2130)",2
"(439,1321)",0
"(439,2131)",2
"(439,2132)",1
"(439,2133)",1
"(440,714)",0
"(440,1493)",0
"(443,714)",0
"(444,1493)",0
"(445,2307)",1
"(446,447)",0
"(446,448)",0
"(446,449)",0
"(446,450)",0
"(446,451)",0
"(446,452)",0
"(446,453)",0
"(446,454)",0
"(446,455)",0
"(446,456)",0
"(446,457)",0
"(446,458)",0
"(446,459)",0
"(446,460)",0
"(446,461)",0
"(447,459)",1
"(448,1451)",0
"(449,1211)",0
"(449,1543)",0
"(449,1656)",0
"(449,1312)",0
"(451,1543)",0
"(451,1570)",0
"(452,995)",0
"(452,688)",0
"(452,1369)",0
"(453,1936)",2
"(453,1375)",0
"(453,2419)",0
"(454,528)",0
"(454,997)",1
"(455,641)",2
"(455,892)",2
"(455,893)",2
"(455,806)",2
"(456,637)",0
"(456,1395)",0
"(456,638)",0
"(457,760)",0
"(457,776)",0
"(457,1005)",0
"(457,1009)",0
"(460,641)",0
"(460,1543)",0
"(460,1957)",0
"(460,2506)",0
"(460,461)",0
"(461,2507)",1
"(463,2274)",0
"(464,465)",0
"(466,2502)",0
"(467,468)",0
"(467,469)",0
"(467,470)",0
"(467,471)",0
"(467,472)",0
"(467,818)",0
"(467,840)",0
"(467,1071)",0
"(467,832)",0
"(468,1443)",0
"(468,900)",0
"(468,657)",0
"(469,1071)",0
"(470,818)",0
"(470,1071)",1
"(471,848)",0
"(471,1285)",0
"(472,2202)",1
"(473,474)",0
"(473,1130)",0
"(473,1654)",0
"(473,1893)",0
"(474,818)",0
"(474,1038)",0
"(474,1039)",0
"(474,1040)",0
"(474,1780)",0
"(474,1781)",0
"(474,1782)",0
"(474,1041)",0
"(474,1783)",0
"(474,1563)",0
"(475,476)",0
"(476,922)",0
"(476,2344)",0
"(476,1873)",0
"(477,478)",0
"(477,1776)",0
"(478,1776)",0
"(478,1797)",0
"(478,1799)",0
"(478,1466)",0
"(479,480)",0
"(479,481)",0
"(479,484)",0
"(479,486)",0
"(479,500)",1
"(479,648)",0
"(480,2219)",2
"(480,2220)",2
"(480,645)",2
"(481,484)",0
"(481,500)",0
"(481,642)",1
"(481,491)",0
"(481,646)",1
"(481,647)",0
"(482,483)",0
"(483,642)",0
"(483,491)",0
"(483,643)",2
"(483,498)",0
"(483,1212)",0
"(484,485)",0
"(484,500)",0
"(485,1530)",1
"(485,2042)",0
"(486,487)",2
"(486,488)",2
"(486,489)",0
"(487,503)",0
"(488,503)",0
"(489,499)",0
"(489,503)",0
"(489,2358)",0
"(490,491)",0
"(490,492)",0
"(491,648)",0
"(491,642)",1
"(491,646)",1
"(492,922)",0
"(492,1638)",2
"(493,499)",0
"(493,2100)",0
"(493,1156)",0
"(493,2151)",0
"(494,2425)",0
"(495,713)",0
"(495,2242)",0
"(496,713)",0
"(496,2242)",1
"(497,2425)",1
"(497,534)",0
"(498,636)",0
"(498,643)",2
"(498,1567)",0
"(498,1569)",0
"(499,500)",0
"(499,501)",0
"(499,502)",0
"(499,503)",0
"(499,504)",0
"(500,644)",0
"(500,645)",0
"(500,504)",0
"(500,2100)",0
"(501,1556)",1
"(501,502)",2
"(502,1556)",2
"(503,1508)",0
"(503,2061)",0
"(503,644)",0
"(503,2358)",0
"(504,644)",1
"(505,506)",0
"(505,507)",0
"(505,508)",0
"(505,509)",0
"(505,510)",0
"(505,511)",0
"(505,512)",0
"(505,513)",0
"(505,514)",0
"(505,1623)",0
"(506,515)",0
"(507,528)",0
"(508,818)",0
"(508,514)",0
"(510,654)",0
"(510,659)",0
"(510,890)",0
"(510,511)",0
"(511,1118)",0
"(511,573)",0
"(511,726)",0
"(511,727)",0
"(511,2287)",0
"(511,2288)",1
"(512,708)",0
"(512,709)",0
"(512,786)",0
"(512,787)",0
"(512,788)",0
"(512,789)",0
"(512,779)",0
"(512,790)",0
"(512,792)",0
"(512,794)",0
"(512,513)",0
"(513,528)",0
"(513,577)",0
"(514,572)",0
"(514,664)",0
"(514,1089)",0
"(514,1090)",0
"(515,516)",0
"(515,517)",0
"(515,518)",0
"(515,519)",0
"(516,783)",0
"(516,1037)",0
"(516,1701)",1
"(516,673)",0
"(517,760)",0
"(517,1090)",0
"(518,760)",0
"(518,1194)",0
"(518,1717)",0
"(518,765)",0
"(518,1464)",0
"(518,1716)",0
"(519,1130)",0
"(519,1614)",0
"(519,1732)",0
"(519,1389)",0
"(520,521)",0
"(520,522)",0
"(520,523)",0
"(520,524)",0
"(520,525)",0
"(520,526)",0
"(520,527)",0
"(520,2244)",0
"(521,1201)",1
"(521,1211)",0
"(521,675)",0
"(521,527)",1
"(521,2244)",0
"(522,1438)",0
"(523,527)",1
"(523,2244)",2
"(524,1031)",0
"(524,1802)",0
"(524,2255)",0
"(525,2255)",0
"(525,1254)",0
"(526,1848)",0
"(526,728)",0
"(526,1001)",0
"(526,1002)",0
"(526,1003)",0
"(526,1004)",0
"(526,775)",0
"(526,1612)",0
"(527,2244)",1
"(528,529)",0
"(528,530)",0
"(528,531)",0
"(528,532)",0
"(528,533)",0
"(528,534)",0
"(528,535)",0
"(528,536)",0
"(528,537)",0
"(528,538)",0
"(528,539)",0
"(528,540)",0
"(528,541)",0
"(528,542)",0
"(528,543)",0
"(528,544)",0
"(528,545)",0
"(528,546)",0
"(528,547)",0
"(528,548)",0
"(528,549)",0
"(528,550)",0
"(528,1802)",0
"(529,672)",0
"(529,1084)",0
"(529,1022)",0
"(531,922)",0
"(531,1084)",0
"(531,544)",0
"(531,2073)",0
"(532,1085)",0
"(532,1587)",0
"(533,676)",0
"(533,1120)",0
"(533,1129)",0
"(534,2425)",1
"(535,549)",0
"(535,682)",0
"(536,1084)",0
"(536,2290)",0
"(537,2523)",2
"(539,1031)",0
"(539,549)",0
"(539,1027)",0
"(539,2241)",0
"(539,540)",1
"(540,1031)",0
"(540,549)",1
"(541,1303)",0
"(541,1086)",0
"(542,1237)",0
"(542,1985)",0
"(544,676)",0
"(544,1120)",0
"(544,1251)",0
"(544,1129)",1
"(544,545)",1
"(544,546)",1
"(545,1120)",0
"(545,1129)",1
"(545,867)",0
"(545,546)",2
"(546,1120)",0
"(546,1129)",1
"(547,565)",0
"(547,1630)",0
"(547,1889)",0
"(547,2540)",1
"(548,686)",0
"(548,2079)",0
"(548,2080)",0
"(549,1802)",0
"(549,1344)",0
"(549,1087)",0
"(550,1539)",1
"(550,2054)",1
"(551,552)",0
"(551,553)",0
"(551,554)",0
"(551,555)",0
"(551,556)",0
"(551,557)",0
"(551,558)",0
"(551,559)",0
"(551,560)",0
"(551,561)",0
"(551,562)",0
"(551,563)",0
"(551,564)",0
"(551,565)",0
"(551,566)",0
"(551,567)",0
"(552,1748)",0
"(552,1979)",0
"(553,558)",1
"(554,797)",0
"(554,1563)",0
"(554,1150)",0
"(555,776)",0
"(555,1148)",0
"(555,1636)",0
"(555,1150)",0
"(556,568)",0
"(557,880)",0
"(557,1131)",0
"(557,567)",0
"(558,890)",0
"(558,2309)",0
"(559,568)",0
"(560,707)",0
"(560,713)",0
"(560,890)",0
"(560,1463)",0
"(561,568)",0
"(561,1295)",1
"(562,880)",0
"(562,1275)",2
"(563,880)",0
"(563,2454)",0
"(564,797)",0
"(564,1879)",0
"(565,873)",1
"(565,874)",0
"(565,880)",0
"(565,1239)",0
"(566,1637)",1
"(566,573)",0
"(567,1125)",0
"(567,880)",0
"(567,1131)",0
"(567,1284)",0
"(567,1881)",0
"(567,1276)",0
"(567,874)",0
"(568,569)",0
"(568,570)",0
"(568,571)",0
"(568,572)",0
"(568,573)",0
"(568,574)",0
"(568,575)",0
"(568,576)",0
"(568,577)",0
"(568,578)",0
"(569,890)",0
"(569,1637)",1
"(569,578)",0
"(570,1641)",0
"(570,1647)",0
"(570,1700)",1
"(570,2041)",0
"(571,890)",0
"(571,922)",0
"(572,818)",0
"(572,2186)",0
"(573,890)",0
"(573,1118)",0
"(574,1130)",0
"(576,1118)",0
"(576,1131)",0
"(576,1877)",0
"(577,1037)",0
"(577,1125)",0
"(578,1148)",1
"(578,1150)",0
"(579,580)",0
"(579,581)",0
"(579,582)",1
"(579,583)",0
"(579,584)",0
"(579,585)",1
"(579,586)",0
"(579,587)",0
"(579,588)",0
"(579,589)",0
"(579,590)",0
"(579,591)",0
"(579,592)",0
"(579,593)",0
"(579,594)",0
"(579,595)",1
"(579,596)",0
"(579,599)",1
"(579,2393)",0
"(580,599)",0
"(580,589)",1
"(581,599)",0
"(581,590)",1
"(581,611)",1
"(582,599)",0
"(582,2393)",0
"(583,599)",0
"(583,587)",1
"(584,599)",0
"(584,2393)",0
"(585,587)",2
"(585,595)",2
"(586,2393)",0
"(587,599)",0
"(587,2393)",0
"(587,603)",1
"(587,595)",1
"(588,2393)",0
"(588,609)",1
"(588,593)",2
"(590,599)",1
"(591,599)",0
"(591,596)",2
"(591,607)",2
"(591,608)",2
"(592,2393)",0
"(592,593)",0
"(593,599)",0
"(593,2393)",2
"(593,609)",1
"(593,594)",2
"(594,599)",1
"(594,2393)",0
"(594,609)",1
"(595,599)",0
"(595,2393)",0
"(596,599)",0
"(596,607)",2
"(596,608)",2
"(596,609)",0
"(597,598)",0
"(597,1093)",0
"(599,600)",0
"(599,601)",0
"(599,602)",0
"(599,603)",0
"(599,604)",0
"(599,605)",0
"(599,606)",0
"(599,607)",0
"(599,608)",0
"(599,609)",0
"(599,610)",0
"(599,611)",0
"(599,612)",0
"(599,613)",0
"(599,1136)",0
"(600,912)",1
"(600,2038)",1
"(601,619)",0
"(601,910)",0
"(602,2455)",0
"(603,2393)",0
"(603,609)",0
"(604,609)",1
"(604,2148)",1
"(604,2393)",0
"(605,2238)",0
"(605,1137)",0
"(606,625)",0
"(606,627)",0
"(607,2532)",1
"(608,2393)",0
"(608,2532)",2
"(609,2148)",1
"(609,2393)",1
"(610,2038)",2
"(610,913)",0
"(610,914)",1
"(612,1493)",0
"(612,1698)",0
"(612,2579)",0
"(613,1493)",0
"(613,1643)",0
"(613,1098)",1
"(613,2691)",0
"(613,2693)",0
"(614,615)",1
"(614,616)",0
"(614,617)",2
"(614,618)",2
"(614,619)",0
"(614,626)",0
"(615,619)",0
"(615,1604)",0
"(616,626)",0
"(617,619)",0
"(617,620)",1
"(617,624)",1
"(617,618)",2
"(617,627)",0
"(618,619)",0
"(618,626)",0
"(619,620)",0
"(619,621)",0
"(619,622)",0
"(619,623)",0
"(619,624)",0
"(619,625)",0
"(619,626)",0
"(619,627)",0
"(620,626)",0
"(620,624)",2
"(621,626)",0
"(622,626)",0
"(623,2238)",0
"(624,626)",1
"(625,2456)",0
"(626,909)",0
"(626,910)",0
"(626,911)",0
"(626,627)",0
"(627,2456)",0
"(628,629)",1
"(628,630)",1
"(628,631)",1
"(628,632)",1
"(629,630)",1
"(629,1291)",1
"(629,1296)",2
"(630,1291)",0
"(630,1292)",0
"(630,1293)",0
"(630,1294)",0
"(630,1295)",0
"(630,631)",0
"(630,1296)",0
"(630,839)",0
"(631,818)",0
"(631,815)",0
"(631,2478)",2
"(631,836)",2
"(632,2049)",2
"(633,2120)",1
"(633,649)",1
"(633,2158)",0
"(634,915)",1
"(634,635)",1
"(635,915)",1
"(635,1744)",2
"(636,637)",0
"(636,638)",0
"(636,639)",2
"(636,640)",0
"(636,641)",0
"(636,1240)",0
"(636,1527)",0
"(636,1528)",0
"(637,1392)",0
"(637,1393)",2
"(637,650)",0
"(637,1394)",1
"(637,1395)",1
"(637,638)",1
"(638,1395)",2
"(639,1240)",0
"(640,1297)",0
"(640,1407)",0
"(640,1240)",0
"(640,2479)",1
"(640,1733)",0
"(641,891)",1
"(641,892)",1
"(641,893)",1
"(641,1240)",0
"(642,646)",1
"(642,2457)",1
"(643,1569)",0
"(644,2100)",0
"(645,2219)",1
"(645,2220)",2
"(646,648)",1
"(646,2419)",0
"(647,1530)",1
"(647,2042)",1
"(648,649)",0
"(648,650)",1
"(648,651)",0
"(648,652)",0
"(648,653)",0
"(649,2120)",1
"(651,652)",0
"(651,653)",1
"(652,915)",0
"(654,655)",0
"(654,656)",0
"(654,657)",0
"(654,658)",0
"(655,1818)",1
"(656,659)",0
"(656,668)",1
"(656,658)",1
"(657,1443)",1
"(658,659)",0
"(658,668)",0
"(658,898)",1
"(658,899)",0
"(658,900)",0
"(658,901)",0
"(658,669)",0
"(658,902)",0
"(658,670)",0
"(658,903)",0
"(659,660)",0
"(659,661)",0
"(659,662)",0
"(659,663)",0
"(659,664)",0
"(659,665)",0
"(659,666)",0
"(659,667)",0
"(659,668)",0
"(659,669)",0
"(659,670)",0
"(659,671)",0
"(659,1403)",0
"(659,1835)",0
"(660,668)",0
"(660,2149)",0
"(660,2164)",1
"(661,1042)",1
"(662,1399)",0
"(663,1599)",0
"(664,818)",0
"(665,1835)",0
"(665,1718)",0
"(665,1716)",0
"(665,817)",0
"(665,1461)",1
"(665,1462)",0
"(666,1397)",0
"(666,1403)",0
"(667,668)",0
"(667,2338)",0
"(668,669)",1
"(668,670)",2
"(668,671)",0
"(668,1399)",0
"(668,1403)",0
"(670,671)",1
"(671,1403)",0
"(671,1818)",0
"(672,673)",0
"(672,674)",0
"(672,675)",0
"(673,690)",0
"(673,713)",0
"(673,760)",0
"(673,792)",0
"(674,1084)",0
"(674,867)",0
"(675,922)",0
"(675,1473)",0
"(675,2249)",1
"(676,677)",0
"(676,678)",0
"(676,679)",0
"(676,680)",0
"(676,681)",0
"(676,682)",0
"(676,683)",0
"(676,684)",0
"(676,685)",0
"(676,686)",0
"(676,687)",0
"(676,688)",0
"(676,689)",0
"(677,1636)",0
"(677,1257)",0
"(677,1591)",0
"(678,1369)",0
"(678,1197)",0
"(679,1891)",0
"(679,2114)",0
"(680,1891)",0
"(680,2114)",0
"(681,1251)",0
"(682,867)",0
"(682,1081)",0
"(683,1824)",0
"(683,1828)",2
"(684,1251)",0
"(685,1024)",0
"(685,2073)",0
"(686,1021)",0
"(686,1022)",0
"(686,1023)",0
"(686,1120)",0
"(686,1129)",0
"(687,2025)",1
"(687,1894)",0
"(688,1012)",0
"(688,1032)",0
"(688,996)",0
"(688,776)",0
"(688,1033)",0
"(688,705)",0
"(688,1130)",0
"(689,1081)",0
"(690,691)",0
"(690,692)",0
"(690,693)",0
"(690,694)",0
"(690,695)",0
"(690,696)",0
"(690,697)",0
"(690,698)",0
"(690,699)",0
"(690,700)",0
"(690,701)",0
"(690,702)",0
"(690,703)",0
"(690,704)",0
"(690,705)",0
"(690,706)",0
"(690,1130)",0
"(691,995)",1
"(692,1005)",0
"(692,2506)",2
"(692,785)",2
"(692,1008)",0
"(693,1668)",0
"(693,700)",0
"(694,1223)",0
"(695,1199)",0
"(695,1850)",0
"(695,704)",1
"(696,1654)",0
"(697,1748)",0
"(697,700)",0
"(698,1850)",2
"(698,1564)",0
"(698,1006)",1
"(698,703)",2
"(698,704)",1
"(699,796)",0
"(699,785)",0
"(700,794)",0
"(700,1223)",0
"(700,1796)",0
"(700,796)",0
"(701,760)",0
"(701,1118)",0
"(703,1850)",2
"(703,1006)",2
"(704,1850)",2
"(705,995)",0
"(706,762)",0
"(707,708)",0
"(707,709)",0
"(707,710)",0
"(707,711)",0
"(707,712)",0
"(708,818)",0
"(708,1118)",0
"(709,791)",2
"(710,794)",0
"(710,1717)",1
"(710,1716)",0
"(710,2127)",2
"(711,713)",0
"(712,773)",0
"(712,794)",0
"(714,715)",0
"(714,716)",0
"(714,717)",0
"(714,718)",0
"(714,719)",0
"(714,720)",0
"(714,721)",0
"(714,722)",0
"(714,723)",0
"(714,724)",0
"(714,725)",0
"(714,726)",0
"(714,727)",0
"(714,728)",0
"(714,729)",0
"(714,730)",0
"(714,731)",0
"(714,732)",0
"(714,733)",0
"(714,734)",0
"(714,735)",0
"(714,736)",0
"(714,737)",0
"(714,738)",0
"(714,739)",0
"(714,740)",0
"(714,741)",0
"(714,742)",0
"(714,743)",0
"(714,744)",0
"(714,745)",0
"(714,746)",0
"(714,747)",0
"(714,748)",0
"(714,749)",0
"(714,750)",0
"(714,751)",0
"(714,752)",0
"(714,753)",0
"(714,754)",0
"(714,755)",0
"(714,756)",0
"(714,757)",0
"(714,758)",0
"(714,759)",0
"(714,860)",0
"(714,1688)",0
"(714,1698)",0
"(714,1692)",0
"(715,2149)",0
"(715,749)",0
"(715,1737)",0
"(716,860)",0
"(716,2046)",0
"(717,2081)",0
"(718,733)",1
"(719,1585)",2
"(720,2388)",1
"(722,1665)",1
"(723,2326)",0
"(724,2351)",0
"(725,1725)",1
"(728,1606)",0
"(728,930)",0
"(729,2707)",1
"(730,737)",2
"(730,1981)",2
"(731,737)",2
"(731,1981)",2
"(732,737)",1
"(732,1981)",1
"(733,2192)",1
"(734,904)",1
"(734,1421)",0
"(734,907)",1
"(734,908)",1
"(735,1411)",1
"(735,1867)",0
"(736,1397)",0
"(736,1403)",0
"(736,1684)",0
"(737,738)",0
"(737,739)",0
"(737,759)",1
"(737,1981)",2
"(738,760)",0
"(738,1619)",0
"(738,1620)",1
"(738,739)",0
"(739,1233)",0
"(739,743)",0
"(739,759)",0
"(739,1981)",1
"(740,860)",0
"(740,1529)",0
"(740,814)",0
"(740,1668)",0
"(740,2043)",0
"(741,1726)",2
"(741,1727)",2
"(741,1732)",0
"(742,1747)",1
"(742,1198)",0
"(742,1748)",0
"(743,1771)",0
"(744,1664)",1
"(744,1786)",0
"(745,840)",0
"(745,1684)",0
"(745,1787)",0
"(745,844)",0
"(745,1709)",0
"(745,1710)",0
"(745,1711)",0
"(745,1788)",0
"(745,1789)",0
"(745,1051)",0
"(745,746)",0
"(745,747)",0
"(745,1055)",0
"(745,1056)",0
"(745,1790)",0
"(746,1788)",1
"(747,1056)",0
"(747,1934)",0
"(747,2579)",0
"(748,1444)",1
"(748,2246)",0
"(748,1062)",0
"(749,1496)",0
"(749,2409)",0
"(750,1934)",1
"(750,1243)",0
"(750,1935)",0
"(750,2126)",1
"(751,1493)",0
"(751,1994)",2
"(752,1599)",0
"(752,1605)",0
"(752,2066)",0
"(752,2583)",0
"(752,2584)",0
"(753,2645)",1
"(753,2646)",0
"(755,1301)",0
"(755,2050)",0
"(756,1754)",0
"(756,2028)",0
"(758,1599)",0
"(758,1600)",2
"(759,797)",0
"(759,1981)",0
"(760,761)",0
"(760,762)",0
"(760,763)",0
"(760,764)",0
"(760,765)",0
"(760,766)",0
"(760,767)",0
"(760,768)",0
"(760,769)",0
"(760,770)",0
"(760,771)",0
"(760,772)",0
"(760,773)",0
"(760,774)",0
"(760,775)",0
"(760,776)",0
"(760,777)",0
"(760,778)",0
"(760,779)",0
"(760,780)",0
"(760,781)",0
"(760,782)",0
"(760,1194)",0
"(760,1197)",0
"(760,1824)",0
"(760,1199)",0
"(761,1155)",0
"(761,781)",0
"(761,872)",0
"(762,782)",0
"(763,783)",0
"(763,1199)",0
"(764,1599)",0
"(764,1643)",0
"(765,776)",0
"(765,1194)",0
"(765,1529)",0
"(766,2414)",2
"(768,783)",0
"(769,776)",0
"(770,1233)",0
"(770,2332)",0
"(770,1620)",1
"(771,783)",0
"(771,776)",0
"(771,1194)",0
"(772,1194)",0
"(773,792)",0
"(773,775)",0
"(773,2186)",0
"(774,818)",0
"(775,1194)",0
"(775,1824)",0
"(775,779)",0
"(776,1001)",0
"(776,1002)",0
"(776,1003)",0
"(776,1004)",0
"(776,780)",0
"(776,1194)",0
"(776,1199)",0
"(777,1194)",0
"(777,1377)",2
"(778,1194)",0
"(778,1447)",0
"(778,1959)",0
"(778,789)",0
"(778,2001)",0
"(778,1980)",0
"(778,1525)",0
"(779,783)",1
"(779,1641)",0
"(779,782)",0
"(780,922)",0
"(781,922)",0
"(781,1153)",0
"(782,1075)",0
"(782,2017)",0
"(783,784)",1
"(783,785)",0
"(785,2506)",2
"(786,792)",0
"(787,1118)",0
"(787,884)",0
"(787,788)",1
"(788,1150)",0
"(788,884)",0
"(789,1900)",0
"(790,875)",0
"(790,1879)",1
"(790,884)",0
"(790,1389)",0
"(792,793)",0
"(793,1237)",0
"(793,1241)",0
"(794,795)",0
"(794,796)",0
"(794,1135)",0
"(795,1344)",0
"(795,2004)",0
"(796,1199)",0
"(796,1008)",0
"(796,1135)",0
"(797,798)",0
"(797,799)",0
"(797,800)",0
"(797,801)",0
"(797,802)",0
"(797,803)",0
"(797,804)",0
"(798,1177)",0
"(799,1211)",0
"(799,1570)",1
"(800,854)",0
"(800,936)",0
"(800,988)",0
"(801,1739)",0
"(801,1619)",0
"(801,1383)",1
"(802,1713)",1
"(802,1227)",2
"(802,2354)",0
"(803,1120)",0
"(803,1590)",0
"(805,806)",0
"(805,1556)",0
"(805,2071)",1
"(806,892)",0
"(806,893)",1
"(807,808)",1
"(807,809)",1
"(807,810)",1
"(808,872)",0
"(808,1029)",1
"(809,1927)",1
"(810,872)",0
"(810,1161)",0
"(811,812)",0
"(811,813)",0
"(811,814)",0
"(811,815)",0
"(811,816)",0
"(811,817)",0
"(811,818)",0
"(812,1648)",0
"(812,1609)",0
"(812,814)",0
"(814,1648)",0
"(814,1609)",0
"(814,1650)",1
"(814,1651)",1
"(814,1492)",0
"(815,1294)",0
"(815,2478)",1
"(816,818)",0
"(816,840)",0
"(816,1590)",0
"(817,1467)",0
"(818,819)",0
"(818,820)",0
"(818,821)",0
"(818,822)",0
"(818,823)",0
"(818,824)",0
"(818,825)",0
"(818,826)",0
"(818,827)",0
"(818,828)",0
"(818,829)",0
"(818,830)",0
"(818,831)",0
"(818,832)",0
"(818,833)",0
"(818,834)",0
"(818,835)",0
"(818,836)",0
"(818,837)",0
"(818,838)",0
"(818,839)",0
"(818,1071)",0
"(818,1320)",0
"(819,1529)",0
"(819,1654)",0
"(820,1480)",0
"(820,1599)",0
"(821,1243)",0
"(822,2365)",0
"(823,2409)",0
"(824,927)",0
"(824,930)",0
"(824,2584)",0
"(825,850)",0
"(826,1071)",0
"(827,1298)",0
"(827,2190)",2
"(827,2191)",1
"(829,1629)",1
"(830,2272)",0
"(831,854)",0
"(831,950)",0
"(832,837)",2
"(833,1044)",0
"(833,1053)",0
"(833,1049)",1
"(834,840)",0
"(834,1501)",0
"(834,1294)",0
"(835,1071)",0
"(835,2409)",0
"(836,2478)",2
"(838,2682)",0
"(839,2133)",0
"(840,841)",0
"(840,842)",0
"(840,843)",0
"(840,844)",0
"(840,845)",0
"(840,846)",0
"(840,847)",0
"(840,848)",0
"(840,849)",0
"(840,850)",0
"(840,851)",0
"(841,1851)",2
"(842,1053)",0
"(842,1742)",0
"(845,1467)",0
"(845,1466)",0
"(845,1470)",2
"(846,1504)",1
"(846,1599)",0
"(846,2048)",0
"(846,851)",2
"(847,1504)",1
"(847,1613)",1
"(847,851)",2
"(848,1679)",0
"(848,1277)",0
"(849,1996)",1
"(849,1851)",2
"(851,1504)",1
"(851,2048)",0
"(852,853)",2
"(854,855)",0
"(854,856)",0
"(854,857)",0
"(854,858)",0
"(854,859)",0
"(854,860)",0
"(854,861)",0
"(854,862)",0
"(855,858)",1
"(856,940)",0
"(856,862)",1
"(857,858)",0
"(857,994)",0
"(859,976)",0
"(860,944)",0
"(860,945)",0
"(860,946)",0
"(860,947)",0
"(860,1493)",0
"(861,945)",0
"(861,1671)",1
"(863,864)",1
"(863,1266)",2
"(864,875)",0
"(864,1202)",0
"(864,1204)",1
"(864,1209)",0
"(865,866)",0
"(865,867)",0
"(865,868)",1
"(865,869)",1
"(865,870)",0
"(865,871)",0
"(865,872)",0
"(866,2073)",0
"(867,1538)",1
"(868,869)",1
"(869,871)",2
"(870,1024)",0
"(870,1131)",0
"(871,2492)",1
"(872,1156)",0
"(872,1153)",0
"(872,1157)",0
"(872,1158)",0
"(872,1159)",0
"(872,977)",0
"(872,1160)",0
"(872,1161)",0
"(872,1029)",0
"(872,1162)",0
"(872,1163)",0
"(872,1218)",0
"(872,1237)",0
"(873,880)",0
"(873,1745)",0
"(874,880)",0
"(874,1284)",0
"(875,876)",0
"(875,877)",0
"(875,878)",0
"(875,879)",0
"(875,880)",0
"(875,881)",0
"(875,882)",0
"(875,883)",0
"(875,884)",0
"(875,885)",0
"(875,886)",0
"(875,887)",0
"(875,1181)",0
"(875,1202)",0
"(875,1302)",0
"(876,1179)",0
"(877,1473)",2
"(878,1202)",0
"(878,881)",0
"(879,1192)",1
"(879,971)",0
"(879,1792)",0
"(880,1268)",0
"(880,1269)",0
"(880,1270)",0
"(880,1271)",0
"(880,1264)",0
"(880,924)",0
"(880,1272)",0
"(880,882)",0
"(880,1273)",0
"(880,1274)",0
"(880,1275)",0
"(880,1276)",0
"(880,1277)",0
"(880,881)",0
"(880,1680)",0
"(881,1202)",0
"(881,1083)",0
"(881,1209)",0
"(881,886)",0
"(881,1302)",0
"(882,1681)",0
"(882,1273)",0
"(883,1305)",0
"(883,1631)",1
"(883,1632)",0
"(883,926)",0
"(883,1205)",1
"(883,2311)",1
"(884,1879)",0
"(884,1881)",0
"(884,1476)",0
"(884,1882)",0
"(884,1389)",0
"(885,1202)",0
"(886,1206)",0
"(886,1179)",0
"(887,1266)",0
"(887,1862)",0
"(887,2128)",2
"(888,889)",1
"(889,1116)",0
"(889,1117)",0
"(891,892)",2
"(891,893)",2
"(892,894)",0
"(892,895)",1
"(892,896)",1
"(892,897)",1
"(892,893)",2
"(893,897)",1
"(893,2322)",0
"(896,897)",1
"(897,1216)",0
"(898,900)",2
"(900,1443)",2
"(901,2459)",1
"(902,1819)",0
"(902,2490)",0
"(903,1125)",0
"(903,1599)",0
"(903,2094)",0
"(903,2095)",1
"(903,1896)",0
"(903,1728)",1
"(903,2096)",1
"(903,1472)",0
"(903,1730)",0
"(903,2460)",0
"(904,905)",1
"(904,906)",0
"(904,907)",1
"(904,908)",2
"(905,907)",2
"(905,2227)",1
"(906,1904)",0
"(906,1420)",0
"(906,1422)",0
"(906,907)",0
"(907,2227)",1
"(909,910)",1
"(909,2576)",0
"(910,1136)",0
"(910,1137)",0
"(910,911)",0
"(911,2576)",1
"(911,1783)",0
"(912,913)",2
"(912,914)",0
"(913,1053)",0
"(913,2038)",0
"(914,2038)",2
"(915,916)",1
"(915,917)",1
"(915,1217)",1
"(916,1744)",2
"(918,919)",0
"(918,920)",1
"(918,921)",1
"(918,1802)",0
"(919,1304)",0
"(920,1251)",0
"(920,921)",2
"(921,1251)",0
"(923,1206)",0
"(923,1488)",0
"(924,1264)",0
"(925,1204)",1
"(925,1302)",0
"(925,1536)",0
"(927,928)",0
"(927,929)",1
"(927,930)",0
"(927,931)",0
"(927,981)",0
"(927,2583)",1
"(927,2584)",1
"(928,1608)",0
"(928,2409)",0
"(928,930)",0
"(928,2583)",1
"(929,1608)",0
"(929,2409)",0
"(929,930)",0
"(929,2583)",0
"(930,2653)",1
"(931,2409)",0
"(931,2654)",1
"(933,946)",0
"(934,946)",0
"(936,937)",0
"(936,938)",0
"(936,939)",0
"(936,978)",0
"(937,938)",1
"(938,1347)",0
"(938,974)",0
"(938,1530)",0
"(938,943)",0
"(939,988)",0
"(939,2145)",1
"(939,2146)",0
"(939,1873)",0
"(940,941)",1
"(940,942)",0
"(940,943)",0
"(942,1329)",0
"(943,958)",0
"(943,1102)",0
"(943,961)",0
"(943,963)",0
"(944,1242)",1
"(945,1324)",0
"(945,947)",0
"(946,1130)",0
"(946,1158)",0
"(946,1847)",0
"(948,1670)",0
"(949,1481)",0
"(949,1284)",0
"(949,1018)",0
"(950,951)",0
"(950,952)",0
"(950,953)",0
"(950,954)",0
"(950,955)",0
"(950,956)",0
"(950,957)",0
"(951,1222)",0
"(951,2042)",0
"(951,1853)",1
"(952,953)",1
"(952,989)",1
"(953,989)",1
"(954,1031)",0
"(955,1093)",0
"(955,1691)",0
"(955,2223)",1
"(956,1168)",0
"(956,1173)",0
"(956,1164)",0
"(956,1176)",0
"(956,1165)",0
"(956,1166)",0
"(957,2140)",1
"(957,2142)",1
"(958,1629)",0
"(958,2051)",0
"(962,970)",1
"(962,975)",0
"(964,985)",0
"(964,1481)",0
"(965,988)",0
"(967,1657)",1
"(968,1015)",0
"(969,971)",0
"(969,1671)",0
"(970,1672)",0
"(971,1438)",0
"(971,1442)",0
"(971,1440)",0
"(971,1441)",0
"(971,1791)",1
"(973,2382)",0
"(977,1667)",0
"(979,980)",0
"(980,1657)",1
"(981,1608)",0
"(983,1483)",0
"(984,1572)",1
"(984,1573)",1
"(984,1032)",0
"(984,1669)",0
"(984,2060)",0
"(984,2143)",1
"(985,1014)",0
"(985,1015)",0
"(985,1211)",0
"(987,1674)",0
"(987,1105)",0
"(987,2141)",1
"(987,2265)",0
"(988,989)",0
"(990,991)",0
"(990,992)",1
"(990,993)",0
"(990,994)",1
"(995,996)",0
"(995,1120)",0
"(995,1531)",0
"(995,1897)",0
"(996,1531)",0
"(996,1897)",0
"(997,998)",1
"(997,999)",1
"(997,1000)",0
"(998,2240)",1
"(999,2002)",1
"(1000,1251)",0
"(1001,1795)",1
"(1002,1795)",1
"(1003,1795)",1
"(1004,1795)",1
"(1005,1006)",0
"(1005,1007)",0
"(1005,1008)",0
"(1006,1850)",2
"(1007,1375)",0
"(1007,1961)",1
"(1009,1010)",2
"(1011,1012)",1
"(1011,1013)",0
"(1013,2234)",1
"(1014,1015)",1
"(1015,1016)",0
"(1015,1017)",0
"(1015,1018)",0
"(1016,1445)",0
"(1016,1446)",0
"(1017,1481)",0
"(1017,2356)",0
"(1019,1020)",0
"(1019,1192)",0
"(1019,1302)",0
"(1020,1471)",0
"(1021,1824)",0
"(1021,1829)",2
"(1021,1830)",2
"(1021,1023)",2
"(1021,1832)",0
"(1021,1022)",2
"(1022,1830)",1
"(1022,1023)",2
"(1022,1832)",0
"(1023,1830)",2
"(1024,1025)",0
"(1024,1026)",0
"(1024,1027)",0
"(1024,1028)",0
"(1024,1029)",0
"(1024,1030)",0
"(1024,1031)",0
"(1026,1206)",0
"(1027,2241)",0
"(1029,1927)",0
"(1029,1157)",1
"(1029,1160)",0
"(1030,1314)",1
"(1030,1959)",0
"(1030,1318)",1
"(1031,1191)",0
"(1032,1572)",1
"(1032,2179)",0
"(1033,1079)",0
"(1033,1080)",0
"(1033,1081)",0
"(1033,1082)",0
"(1033,1083)",0
"(1033,1969)",0
"(1034,1035)",1
"(1034,1036)",1
"(1034,1038)",0
"(1035,1379)",0
"(1035,2350)",0
"(1035,2149)",1
"(1035,2164)",2
"(1036,1038)",1
"(1036,2164)",0
"(1038,1039)",0
"(1038,1040)",0
"(1038,1041)",0
"(1039,1782)",2
"(1041,1781)",0
"(1042,1043)",0
"(1043,1397)",1
"(1043,1835)",0
"(1043,1400)",0
"(1044,1045)",0
"(1044,1046)",0
"(1044,1047)",0
"(1044,1048)",0
"(1044,1049)",1
"(1044,1050)",0
"(1044,1051)",0
"(1044,1052)",0
"(1045,1608)",0
"(1046,1776)",0
"(1046,1799)",0
"(1046,2171)",0
"(1046,1048)",0
"(1047,1742)",0
"(1047,1792)",0
"(1047,1052)",0
"(1048,1053)",0
"(1048,1742)",0
"(1048,1799)",0
"(1048,1792)",0
"(1049,1695)",0
"(1049,1742)",0
"(1049,2491)",0
"(1050,1742)",1
"(1050,1052)",1
"(1051,1053)",0
"(1052,1467)",0
"(1052,1742)",0
"(1053,1054)",0
"(1053,1055)",0
"(1053,1056)",0
"(1053,1695)",0
"(1053,1934)",0
"(1054,1403)",0
"(1054,1684)",0
"(1054,1742)",0
"(1055,1334)",0
"(1055,1789)",0
"(1055,1056)",1
"(1055,1915)",1
"(1056,1334)",2
"(1056,1789)",0
"(1057,1058)",1
"(1057,1059)",1
"(1057,1060)",2
"(1057,1061)",0
"(1057,1062)",2
"(1057,1063)",1
"(1057,1320)",2
"(1058,1062)",2
"(1058,1060)",2
"(1058,1320)",1
"(1058,1070)",2
"(1059,1068)",1
"(1060,1066)",0
"(1060,1067)",1
"(1060,1320)",1
"(1060,1070)",2
"(1060,1062)",1
"(1060,1063)",1
"(1061,1062)",0
"(1061,1071)",0
"(1061,2093)",1
"(1062,1064)",0
"(1062,1065)",0
"(1062,1066)",0
"(1062,1067)",1
"(1062,1068)",1
"(1062,1069)",0
"(1062,1070)",2
"(1062,1320)",1
"(1063,2092)",0
"(1063,2093)",1
"(1064,1069)",0
"(1065,1068)",1
"(1065,2313)",2
"(1066,1719)",1
"(1067,1068)",2
"(1067,2313)",2
"(1069,1320)",2
"(1069,1070)",2
"(1070,1320)",2
"(1071,1072)",0
"(1071,1073)",0
"(1071,1074)",0
"(1071,1434)",0
"(1071,2629)",0
"(1075,1090)",1
"(1075,2079)",0
"(1076,1077)",1
"(1076,2054)",0
"(1077,1539)",2
"(1078,1084)",0
"(1079,1206)",0
"(1079,1083)",1
"(1080,1082)",2
"(1080,1083)",2
"(1081,1538)",0
"(1082,1083)",1
"(1083,1206)",0
"(1083,1862)",0
"(1084,1085)",0
"(1084,1086)",0
"(1084,1564)",0
"(1084,1303)",0
"(1087,1088)",1
"(1087,1564)",0
"(1088,2451)",0
"(1089,1197)",0
"(1089,1563)",0
"(1091,1092)",2
"(1093,1094)",1
"(1093,1095)",0
"(1093,1096)",0
"(1094,1493)",0
"(1094,2672)",0
"(1095,1378)",0
"(1095,1370)",1
"(1095,1376)",1
"(1095,1715)",0
"(1096,1956)",0
"(1097,1098)",1
"(1097,1099)",2
"(1098,2689)",0
"(1098,2692)",0
"(1098,1101)",1
"(1099,1100)",0
"(1101,2691)",1
"(1101,2693)",1
"(1101,2692)",0
"(1102,1324)",1
"(1103,1104)",2
"(1103,1105)",0
"(1103,1674)",0
"(1103,2141)",0
"(1103,2265)",1
"(1103,1677)",1
"(1104,1674)",0
"(1104,2141)",0
"(1104,2265)",2
"(1105,1670)",0
"(1105,2004)",1
"(1106,1107)",1
"(1106,1108)",1
"(1106,1109)",0
"(1106,1110)",2
"(1106,1111)",1
"(1106,1112)",2
"(1106,2097)",1
"(1107,1112)",1
"(1107,1110)",2
"(1108,1111)",2
"(1108,1115)",1
"(1109,1111)",0
"(1109,2074)",2
"(1109,2076)",1
"(1109,2327)",1
"(1109,2329)",2
"(1110,1111)",1
"(1110,2097)",1
"(1110,1112)",1
"(1111,1113)",2
"(1111,1114)",1
"(1111,1115)",2
"(1112,2097)",2
"(1116,1117)",1
"(1117,2449)",0
"(1118,1119)",0
"(1118,1590)",0
"(1119,1654)",0
"(1119,1563)",0
"(1120,1121)",0
"(1120,1122)",0
"(1120,1123)",0
"(1120,1124)",0
"(1120,1125)",0
"(1120,1126)",0
"(1120,1127)",0
"(1120,1128)",0
"(1120,1129)",0
"(1120,1130)",0
"(1120,1131)",0
"(1120,1132)",0
"(1120,1133)",0
"(1120,1134)",0
"(1120,1135)",0
"(1121,2242)",0
"(1121,1892)",0
"(1122,1531)",0
"(1122,1897)",0
"(1123,1132)",1
"(1123,1128)",1
"(1124,1795)",0
"(1125,1131)",0
"(1126,1131)",0
"(1127,1128)",2
"(1128,1132)",1
"(1129,1525)",0
"(1129,2073)",0
"(1130,1218)",0
"(1130,1559)",0
"(1130,1560)",0
"(1130,1219)",0
"(1130,1561)",0
"(1130,1562)",0
"(1130,1221)",0
"(1130,1563)",0
"(1130,1535)",0
"(1130,1564)",0
"(1130,1565)",0
"(1130,1131)",0
"(1131,1587)",0
"(1131,1303)",0
"(1131,1253)",0
"(1131,1588)",0
"(1131,1589)",0
"(1131,1590)",0
"(1131,1466)",0
"(1131,1591)",0
"(1131,1654)",0
"(1134,1995)",0
"(1135,1256)",0
"(1136,1137)",0
"(1136,1138)",0
"(1136,2039)",0
"(1136,2238)",0
"(1138,1698)",0
"(1139,1140)",0
"(1139,1141)",0
"(1139,1142)",2
"(1139,1143)",1
"(1140,1147)",1
"(1140,1322)",2
"(1142,1143)",1
"(1142,2664)",1
"(1143,1144)",1
"(1143,1145)",0
"(1143,1146)",0
"(1143,1147)",0
"(1144,2398)",1
"(1145,1246)",1
"(1146,1248)",0
"(1146,2398)",1
"(1147,1322)",1
"(1147,1323)",1
"(1148,1149)",0
"(1148,1150)",1
"(1149,1307)",0
"(1149,1298)",0
"(1149,1417)",0
"(1150,1151)",0
"(1150,1704)",0
"(1152,1153)",0
"(1152,1154)",0
"(1152,2289)",0
"(1153,1155)",0
"(1154,1344)",0
"(1154,1564)",0
"(1156,2119)",0
"(1157,1158)",0
"(1157,2127)",0
"(1158,1645)",1
"(1158,1159)",0
"(1158,1646)",1
"(1158,1161)",2
"(1159,1891)",0
"(1161,1571)",1
"(1161,1646)",2
"(1161,1927)",1
"(1162,1163)",0
"(1164,1963)",0
"(1165,1168)",0
"(1165,1173)",0
"(1166,1173)",0
"(1168,1169)",0
"(1168,1170)",2
"(1168,1171)",0
"(1168,1172)",1
"(1169,1885)",1
"(1169,1905)",1
"(1169,1906)",1
"(1170,1885)",0
"(1170,1905)",0
"(1173,1174)",0
"(1173,1175)",0
"(1174,1907)",1
"(1174,2147)",0
"(1174,2318)",1
"(1174,1909)",1
"(1175,1814)",0
"(1176,1963)",0
"(1177,1178)",1
"(1179,1180)",1
"(1179,1181)",1
"(1179,1206)",0
"(1180,1181)",1
"(1181,1202)",0
"(1181,1206)",0
"(1182,1183)",0
"(1182,1184)",0
"(1185,1186)",2
"(1185,1187)",0
"(1185,1719)",0
"(1186,1719)",1
"(1186,2582)",1
"(1187,1719)",0
"(1187,1721)",2
"(1187,1725)",2
"(1187,1849)",1
"(1188,1189)",0
"(1188,1190)",2
"(1188,1750)",2
"(1188,1751)",1
"(1189,1190)",1
"(1189,2089)",1
"(1189,2091)",2
"(1189,1751)",1
"(1190,1418)",0
"(1190,1749)",2
"(1190,1750)",2
"(1190,1751)",1
"(1190,1752)",0
"(1190,2091)",1
"(1191,1756)",0
"(1191,2430)",0
"(1191,1766)",2
"(1192,1193)",1
"(1194,1195)",0
"(1194,1196)",0
"(1194,1197)",0
"(1194,1198)",0
"(1194,1199)",0
"(1194,1200)",0
"(1194,1202)",0
"(1194,1206)",0
"(1195,1715)",0
"(1195,1464)",0
"(1197,1374)",0
"(1197,1199)",0
"(1197,1375)",0
"(1202,1203)",0
"(1202,1204)",0
"(1202,1205)",0
"(1202,1206)",0
"(1202,1207)",0
"(1202,1208)",0
"(1202,1209)",0
"(1202,1210)",0
"(1203,1286)",0
"(1203,1267)",0
"(1203,1210)",1
"(1203,1206)",0
"(1204,1260)",0
"(1204,1261)",0
"(1204,1262)",0
"(1204,1287)",0
"(1204,1302)",0
"(1205,1305)",0
"(1205,1208)",1
"(1205,1979)",0
"(1206,1302)",0
"(1206,1384)",0
"(1206,1385)",0
"(1206,1386)",0
"(1206,1273)",0
"(1206,1387)",0
"(1206,1388)",0
"(1206,1389)",0
"(1207,1208)",1
"(1207,1979)",0
"(1207,2005)",2
"(1207,1286)",2
"(1208,1286)",1
"(1209,1302)",0
"(1209,1746)",0
"(1209,1708)",0
"(1209,1280)",0
"(1209,2031)",0
"(1209,1284)",0
"(1209,1285)",0
"(1210,1302)",0
"(1211,1212)",0
"(1211,1213)",0
"(1211,1214)",0
"(1211,1215)",0
"(1211,1216)",0
"(1211,1217)",0
"(1211,1237)",0
"(1212,1214)",1
"(1213,1215)",1
"(1218,1219)",0
"(1218,1220)",0
"(1218,1221)",1
"(1218,1222)",0
"(1218,1562)",1
"(1219,1562)",2
"(1219,1221)",2
"(1220,1957)",1
"(1220,1958)",0
"(1220,1513)",1
"(1221,1562)",2
"(1222,1852)",0
"(1222,1853)",2
"(1223,1224)",1
"(1223,1225)",0
"(1223,1226)",1
"(1223,1227)",0
"(1223,1228)",0
"(1223,1229)",2
"(1223,1230)",0
"(1223,1231)",1
"(1223,1232)",1
"(1225,1264)",0
"(1225,1280)",0
"(1225,1289)",0
"(1225,1230)",0
"(1226,1228)",0
"(1226,1230)",0
"(1226,1231)",2
"(1227,1230)",0
"(1227,1713)",2
"(1227,1706)",2
"(1227,1731)",1
"(1227,2354)",2
"(1228,1229)",2
"(1228,1232)",1
"(1228,1230)",0
"(1229,1232)",2
"(1229,1230)",0
"(1229,1231)",1
"(1230,1705)",0
"(1230,1601)",0
"(1230,1706)",0
"(1230,1707)",0
"(1230,1708)",0
"(1230,1709)",0
"(1230,1710)",0
"(1230,1711)",0
"(1230,1712)",0
"(1230,1713)",0
"(1230,1231)",0
"(1230,1232)",0
"(1230,1714)",0
"(1231,1232)",2
"(1233,1981)",0
"(1236,1668)",0
"(1237,1238)",0
"(1237,1239)",0
"(1237,1240)",0
"(1237,1241)",0
"(1239,1458)",0
"(1239,1488)",0
"(1239,1609)",0
"(1240,1512)",0
"(1240,1513)",0
"(1240,1514)",0
"(1240,1515)",0
"(1240,1516)",0
"(1240,1517)",0
"(1240,1518)",0
"(1240,1519)",0
"(1240,1520)",0
"(1240,1521)",0
"(1240,1522)",0
"(1240,1523)",0
"(1240,1524)",0
"(1240,1525)",0
"(1240,1526)",0
"(1240,1527)",0
"(1240,1528)",0
"(1240,1509)",0
"(1243,1738)",0
"(1243,1833)",1
"(1243,1790)",1
"(1243,1501)",0
"(1244,1245)",1
"(1244,1246)",1
"(1244,1247)",1
"(1244,1248)",0
"(1245,2347)",2
"(1245,2349)",2
"(1245,1247)",0
"(1246,2347)",2
"(1246,2349)",2
"(1246,2348)",2
"(1247,2347)",1
"(1247,2349)",0
"(1248,2398)",2
"(1249,1250)",1
"(1250,1256)",1
"(1250,1257)",0
"(1250,1258)",0
"(1251,1252)",0
"(1251,1253)",1
"(1251,1254)",0
"(1254,2255)",0
"(1256,1748)",0
"(1257,1869)",1
"(1257,1870)",2
"(1259,1260)",1
"(1259,1306)",0
"(1261,1262)",0
"(1261,1263)",1
"(1261,1302)",0
"(1261,1305)",0
"(1261,1306)",0
"(1262,1267)",1
"(1262,1288)",2
"(1262,1305)",1
"(1262,1306)",1
"(1263,1288)",1
"(1263,1279)",0
"(1263,1634)",0
"(1264,1265)",1
"(1264,1280)",0
"(1264,1289)",1
"(1265,1280)",0
"(1265,1289)",2
"(1265,1290)",0
"(1266,1267)",0
"(1267,1288)",0
"(1268,1275)",1
"(1269,1634)",1
"(1269,1350)",0
"(1269,2115)",0
"(1271,1380)",0
"(1272,1680)",2
"(1272,1681)",0
"(1273,1288)",0
"(1274,1679)",1
"(1277,1467)",0
"(1277,1684)",0
"(1277,1679)",0
"(1278,1279)",1
"(1279,1633)",1
"(1279,1861)",2
"(1279,1862)",1
"(1280,1281)",0
"(1280,1282)",0
"(1280,1283)",0
"(1280,1284)",0
"(1280,1285)",0
"(1280,1302)",0
"(1281,1302)",0
"(1281,1285)",0
"(1282,1302)",0
"(1284,1708)",0
"(1284,1285)",0
"(1285,1302)",0
"(1286,2005)",2
"(1287,1305)",1
"(1287,1306)",1
"(1288,1305)",1
"(1288,1306)",1
"(1289,1290)",1
"(1290,2152)",2
"(1290,1675)",0
"(1291,2166)",0
"(1292,1501)",0
"(1292,1294)",0
"(1293,1501)",0
"(1293,1294)",1
"(1296,1501)",0
"(1297,1298)",0
"(1297,1299)",0
"(1297,1300)",0
"(1298,1301)",0
"(1298,1302)",0
"(1299,1407)",0
"(1299,1412)",2
"(1300,1407)",1
"(1300,1413)",0
"(1300,1417)",0
"(1301,1419)",0
"(1302,1303)",0
"(1302,1304)",0
"(1302,1305)",0
"(1302,1306)",0
"(1303,1587)",2
"(1303,1588)",1
"(1304,1675)",0
"(1304,2273)",1
"(1305,1536)",0
"(1305,1537)",2
"(1305,1306)",2
"(1306,1537)",1
"(1307,1496)",0
"(1309,1314)",2
"(1309,1959)",0
"(1311,1314)",1
"(1311,1959)",0
"(1312,1314)",0
"(1312,1959)",0
"(1312,1318)",0
"(1312,1313)",1
"(1312,1316)",1
"(1313,1315)",0
"(1314,1959)",1
"(1314,1319)",1
"(1315,1962)",1
"(1315,1483)",0
"(1315,1660)",2
"(1317,2259)",0
"(1317,2261)",0
"(1318,1959)",0
"(1319,1959)",0
"(1320,1321)",0
"(1321,2131)",0
"(1321,2133)",0
"(1321,2132)",0
"(1322,1323)",1
"(1325,1326)",2
"(1325,1327)",1
"(1326,1327)",1
"(1326,1329)",1
"(1327,1328)",0
"(1327,1329)",1
"(1328,1329)",0
"(1328,1333)",0
"(1328,1504)",0
"(1328,1599)",0
"(1328,1332)",0
"(1329,1330)",1
"(1329,1331)",0
"(1329,1332)",0
"(1330,2077)",0
"(1330,2078)",0
"(1331,1729)",1
"(1332,2039)",0
"(1332,1676)",0
"(1332,2224)",1
"(1335,1336)",1
"(1335,1337)",1
"(1335,1338)",2
"(1335,2098)",2
"(1336,1339)",2
"(1336,1340)",2
"(1336,1338)",2
"(1336,1341)",0
"(1336,2098)",2
"(1337,1342)",1
"(1337,2098)",1
"(1338,1343)",0
"(1339,1342)",1
"(1339,2193)",0
"(1340,1342)",1
"(1340,1341)",1
"(1341,1342)",0
"(1341,2193)",0
"(1342,1343)",0
"(1344,1345)",0
"(1347,1348)",0
"(1348,2129)",0
"(1349,1350)",1
"(1351,1352)",0
"(1351,1353)",0
"(1351,1354)",0
"(1351,1355)",0
"(1352,2101)",0
"(1352,1354)",0
"(1352,1355)",0
"(1352,2174)",0
"(1354,2147)",0
"(1354,1355)",0
"(1356,1357)",1
"(1356,1999)",2
"(1357,1358)",1
"(1358,1359)",1
"(1359,1423)",0
"(1359,1435)",0
"(1359,2610)",0
"(1360,1361)",1
"(1360,1362)",1
"(1360,1363)",1
"(1360,1364)",0
"(1360,1365)",1
"(1360,1366)",2
"(1361,1363)",2
"(1361,1368)",2
"(1361,1364)",1
"(1362,1363)",2
"(1362,1368)",0
"(1362,1365)",2
"(1363,1367)",1
"(1363,1364)",0
"(1363,1365)",2
"(1363,1366)",1
"(1363,1368)",1
"(1364,1368)",1
"(1364,1366)",1
"(1365,1368)",1
"(1365,1367)",1
"(1366,1368)",1
"(1367,1368)",1
"(1369,1370)",0
"(1369,1371)",1
"(1370,1372)",1
"(1370,1378)",0
"(1372,1373)",1
"(1372,1374)",0
"(1372,1375)",0
"(1372,1376)",1
"(1372,1377)",0
"(1373,1623)",0
"(1373,1824)",0
"(1373,2079)",0
"(1373,1832)",1
"(1374,1375)",0
"(1375,1936)",1
"(1375,1960)",0
"(1375,1961)",0
"(1376,1824)",0
"(1376,2079)",0
"(1376,1832)",0
"(1376,1827)",1
"(1378,1928)",1
"(1379,1380)",1
"(1379,1916)",0
"(1379,1917)",1
"(1381,1382)",0
"(1381,1383)",0
"(1381,1592)",0
"(1381,1738)",0
"(1382,1621)",0
"(1382,1622)",0
"(1382,1608)",0
"(1383,2345)",2
"(1384,2134)",2
"(1385,1584)",1
"(1386,1979)",0
"(1386,2014)",0
"(1387,1390)",1
"(1388,1582)",0
"(1388,1854)",1
"(1389,2014)",0
"(1389,2122)",1
"(1389,1882)",0
"(1389,2123)",0
"(1389,2124)",0
"(1389,1879)",0
"(1392,2310)",1
"(1393,1394)",2
"(1393,2310)",0
"(1394,1396)",2
"(1395,2179)",0
"(1397,1398)",0
"(1398,1399)",0
"(1398,1403)",0
"(1399,1400)",2
"(1399,1401)",0
"(1399,1402)",0
"(1400,1403)",0
"(1400,1835)",0
"(1400,2512)",0
"(1401,1835)",0
"(1401,2055)",0
"(1401,2512)",1
"(1401,1843)",2
"(1401,2343)",1
"(1401,2057)",1
"(1402,1835)",1
"(1402,2512)",1
"(1402,1843)",1
"(1402,2670)",0
"(1402,1838)",1
"(1402,1405)",0
"(1402,2669)",0
"(1403,1404)",0
"(1403,1405)",0
"(1403,1406)",0
"(1405,1835)",0
"(1405,1838)",1
"(1405,1406)",0
"(1405,1842)",0
"(1405,2013)",0
"(1406,2056)",1
"(1406,1844)",1
"(1407,1408)",1
"(1407,1409)",1
"(1407,1410)",0
"(1408,1688)",0
"(1408,1691)",0
"(1409,2214)",0
"(1411,1419)",0
"(1412,1417)",0
"(1412,1875)",0
"(1413,1414)",0
"(1413,1415)",0
"(1413,1416)",0
"(1414,1419)",0
"(1415,1416)",0
"(1416,1420)",0
"(1416,2660)",1
"(1417,1418)",0
"(1418,1419)",0
"(1418,1565)",0
"(1418,1608)",0
"(1419,1420)",0
"(1419,1421)",0
"(1419,1422)",0
"(1420,2149)",0
"(1420,2163)",0
"(1420,2226)",0
"(1420,2319)",0
"(1421,2201)",0
"(1422,2226)",2
"(1422,2319)",0
"(1423,1424)",0
"(1423,1425)",0
"(1423,1426)",0
"(1423,1427)",0
"(1423,1428)",0
"(1423,1429)",0
"(1423,1430)",0
"(1423,1431)",0
"(1423,1432)",0
"(1423,1433)",0
"(1423,1434)",0
"(1423,2587)",0
"(1423,2600)",0
"(1424,2591)",0
"(1425,2591)",1
"(1425,2596)",0
"(1425,1430)",1
"(1425,1431)",1
"(1426,2625)",1
"(1427,2596)",0
"(1427,1430)",0
"(1427,2600)",2
"(1428,1816)",2
"(1428,1435)",0
"(1429,2609)",0
"(1430,2611)",0
"(1430,2612)",0
"(1430,2613)",0
"(1430,2599)",0
"(1430,2162)",1
"(1430,2596)",1
"(1430,2600)",2
"(1430,2601)",0
"(1430,1431)",0
"(1430,2614)",0
"(1430,2615)",1
"(1430,2212)",1
"(1430,1434)",1
"(1431,2162)",0
"(1431,2591)",1
"(1431,2600)",2
"(1432,2591)",0
"(1432,2592)",0
"(1433,1815)",1
"(1434,2162)",0
"(1434,2591)",0
"(1434,2596)",0
"(1435,1436)",1
"(1435,1437)",1
"(1436,2047)",1
"(1437,2047)",1
"(1438,1439)",1
"(1438,1440)",1
"(1438,1441)",2
"(1439,2203)",0
"(1440,1441)",1
"(1442,1791)",1
"(1442,1799)",0
"(1442,1792)",1
"(1447,1448)",0
"(1449,1450)",1
"(1453,1454)",1
"(1454,1455)",0
"(1454,2117)",0
"(1455,1456)",0
"(1455,1457)",0
"(1457,2327)",0
"(1457,1904)",1
"(1458,1889)",1
"(1459,1460)",0
"(1459,1461)",0
"(1459,1462)",0
"(1460,1684)",0
"(1460,1686)",0
"(1460,1687)",0
"(1461,1462)",1
"(1463,1464)",0
"(1464,1684)",0
"(1465,1466)",1
"(1465,1467)",0
"(1466,1467)",0
"(1466,1776)",0
"(1467,1468)",0
"(1467,1469)",0
"(1467,1470)",0
"(1467,1471)",0
"(1467,1472)",0
"(1468,1684)",0
"(1468,2160)",0
"(1469,1475)",0
"(1469,2256)",1
"(1471,1684)",0
"(1471,2025)",1
"(1471,2026)",1
"(1471,2171)",0
"(1471,2496)",0
"(1472,2095)",1
"(1473,1474)",2
"(1475,1476)",0
"(1475,1477)",0
"(1477,1478)",0
"(1477,1480)",1
"(1478,1479)",1
"(1481,1482)",0
"(1482,1483)",0
"(1483,1484)",0
"(1485,1990)",0
"(1485,1554)",0
"(1485,2548)",0
"(1487,2044)",0
"(1488,1489)",0
"(1488,1490)",0
"(1488,1491)",1
"(1488,1492)",0
"(1490,1491)",0
"(1490,1745)",0
"(1490,1653)",0
"(1492,1648)",0
"(1492,1609)",0
"(1493,1494)",0
"(1493,1495)",0
"(1493,1496)",0
"(1493,1497)",0
"(1493,1498)",0
"(1493,1499)",0
"(1493,1500)",0
"(1493,1501)",0
"(1493,1502)",0
"(1493,1503)",0
"(1493,2704)",0
"(1493,2706)",0
"(1495,1496)",1
"(1495,1499)",2
"(1495,1500)",1
"(1496,2202)",0
"(1496,1499)",1
"(1496,1500)",1
"(1497,1736)",0
"(1497,1769)",0
"(1497,1993)",0
"(1498,2368)",0
"(1501,2030)",0
"(1501,1833)",0
"(1501,2160)",0
"(1502,2704)",1
"(1502,2706)",2
"(1502,2705)",2
"(1503,2671)",1
"(1504,1505)",0
"(1504,1599)",0
"(1505,1582)",0
"(1505,1599)",0
"(1505,1615)",0
"(1505,1616)",0
"(1505,1606)",0
"(1506,1507)",1
"(1506,1508)",1
"(1506,1509)",0
"(1506,1510)",0
"(1507,1514)",1
"(1507,1521)",0
"(1507,1508)",0
"(1507,2188)",0
"(1508,1521)",0
"(1508,1511)",0
"(1509,1510)",0
"(1509,1823)",0
"(1509,1514)",0
"(1509,1775)",0
"(1510,1511)",1
"(1511,1823)",0
"(1511,1775)",1
"(1511,2188)",0
"(1513,1957)",0
"(1513,2036)",0
"(1513,2178)",0
"(1527,1528)",2
"(1529,1795)",0
"(1530,2042)",0
"(1531,1532)",0
"(1531,1533)",0
"(1531,1534)",0
"(1531,1535)",0
"(1533,1891)",0
"(1533,1893)",0
"(1533,2461)",1
"(1534,1715)",0
"(1535,1891)",0
"(1535,1893)",2
"(1535,1559)",2
"(1535,1560)",2
"(1536,1634)",1
"(1537,2482)",1
"(1540,1541)",1
"(1540,1542)",1
"(1540,1543)",1
"(1540,1544)",1
"(1540,1545)",1
"(1541,1543)",0
"(1541,1715)",0
"(1541,2361)",0
"(1541,1544)",1
"(1543,1544)",0
"(1543,1545)",0
"(1544,1715)",1
"(1545,1715)",0
"(1545,1835)",0
"(1547,1548)",0
"(1547,1549)",0
"(1547,1550)",1
"(1547,1551)",0
"(1547,1552)",0
"(1547,1553)",0
"(1547,1554)",0
"(1547,1555)",0
"(1548,1552)",1
"(1549,1552)",2
"(1549,1663)",0
"(1550,1552)",2
"(1551,2259)",0
"(1551,1806)",0
"(1551,2260)",0
"(1551,2261)",0
"(1552,1555)",0
"(1553,1955)",0
"(1553,1948)",2
"(1554,2015)",0
"(1556,1557)",2
"(1556,1558)",2
"(1557,1558)",2
"(1557,2071)",0
"(1558,2071)",0
"(1559,1891)",0
"(1559,1893)",1
"(1559,1560)",2
"(1560,1891)",0
"(1561,1850)",1
"(1563,1590)",0
"(1563,1793)",0
"(1563,1794)",0
"(1563,1564)",0
"(1565,2135)",1
"(1566,2326)",0
"(1567,1568)",0
"(1568,1569)",0
"(1568,1570)",0
"(1568,1571)",0
"(1571,1646)",0
"(1571,1927)",1
"(1572,1573)",0
"(1573,2143)",1
"(1574,1575)",2
"(1574,1576)",1
"(1574,2236)",0
"(1574,2237)",1
"(1575,1577)",0
"(1575,1578)",1
"(1575,1579)",1
"(1575,1580)",2
"(1575,1581)",1
"(1575,2009)",1
"(1575,2121)",1
"(1576,1578)",2
"(1577,2235)",2
"(1578,2006)",2
"(1578,2009)",1
"(1578,1580)",2
"(1578,1579)",1
"(1579,2009)",1
"(1579,2235)",2
"(1579,2011)",0
"(1579,2012)",1
"(1580,2006)",2
"(1580,2009)",0
"(1581,2009)",0
"(1581,2010)",1
"(1581,2118)",0
"(1581,2012)",2
"(1582,1583)",1
"(1582,1584)",0
"(1582,1599)",0
"(1582,1609)",0
"(1582,1611)",1
"(1582,2415)",0
"(1583,1599)",0
"(1583,1611)",1
"(1585,1867)",0
"(1586,1802)",0
"(1589,1836)",0
"(1591,2108)",0
"(1592,1593)",2
"(1592,1594)",0
"(1594,2467)",1
"(1595,1596)",1
"(1595,1597)",1
"(1599,1600)",0
"(1599,1601)",0
"(1599,1602)",0
"(1599,1603)",0
"(1599,1604)",0
"(1599,1605)",0
"(1599,1606)",0
"(1599,1607)",0
"(1599,1608)",0
"(1599,1609)",0
"(1599,1610)",0
"(1599,1611)",0
"(1599,1612)",0
"(1599,1613)",0
"(1602,2064)",0
"(1602,1627)",0
"(1603,1611)",2
"(1605,2221)",1
"(1606,1616)",0
"(1607,1795)",0
"(1607,1868)",0
"(1608,1692)",0
"(1608,1845)",0
"(1608,2363)",0
"(1609,1653)",1
"(1609,1650)",1
"(1609,1651)",0
"(1609,1652)",0
"(1610,2429)",1
"(1612,2653)",0
"(1614,1615)",0
"(1614,1616)",0
"(1614,1617)",0
"(1614,1618)",0
"(1615,1618)",0
"(1617,1618)",0
"(1618,2254)",0
"(1619,2435)",0
"(1620,2332)",1
"(1621,2137)",0
"(1622,2266)",1
"(1622,2267)",0
"(1622,1740)",0
"(1623,1624)",0
"(1623,1625)",0
"(1623,1626)",0
"(1623,1627)",0
"(1623,2186)",0
"(1625,1654)",0
"(1626,1921)",0
"(1627,2467)",0
"(1627,2066)",0
"(1628,1629)",2
"(1629,1897)",0
"(1630,1921)",1
"(1631,2311)",2
"(1632,2311)",0
"(1633,1862)",0
"(1633,2128)",1
"(1641,1642)",0
"(1641,1643)",0
"(1641,1644)",0
"(1643,1647)",0
"(1644,1824)",0
"(1644,1827)",0
"(1648,1649)",1
"(1648,1650)",2
"(1648,1651)",1
"(1648,1652)",0
"(1660,1962)",2
"(1661,2524)",0
"(1662,1663)",0
"(1662,1940)",2
"(1663,1938)",0
"(1663,2167)",0
"(1663,1941)",0
"(1663,1942)",0
"(1663,1943)",0
"(1663,2168)",0
"(1665,1666)",2
"(1669,2356)",0
"(1672,1673)",0
"(1674,1675)",1
"(1674,1676)",0
"(1674,1677)",1
"(1676,1693)",0
"(1676,1695)",0
"(1680,1681)",1
"(1682,2535)",0
"(1682,2536)",0
"(1684,1685)",0
"(1685,1777)",0
"(1685,1778)",0
"(1685,2170)",2
"(1685,1915)",0
"(1688,1689)",0
"(1688,1690)",1
"(1688,1691)",0
"(1688,1692)",0
"(1688,1693)",0
"(1688,1694)",0
"(1689,2258)",0
"(1691,1694)",2
"(1692,2258)",0
"(1692,2040)",0
"(1695,1934)",0
"(1696,1697)",1
"(1699,1971)",1
"(1701,1702)",1
"(1703,1704)",0
"(1704,1891)",0
"(1704,2041)",0
"(1706,1713)",2
"(1707,2525)",0
"(1713,1731)",1
"(1713,2351)",0
"(1713,2355)",0
"(1715,1716)",0
"(1716,1717)",2
"(1716,1718)",1
"(1716,2127)",1
"(1717,1718)",0
"(1719,1720)",0
"(1719,1721)",0
"(1719,1722)",0
"(1719,1723)",0
"(1719,1724)",0
"(1719,1725)",0
"(1719,2582)",2
"(1720,1721)",2
"(1720,1723)",1
"(1721,1725)",1
"(1721,1849)",2
"(1721,2582)",1
"(1722,1849)",1
"(1722,2582)",1
"(1723,2582)",2
"(1726,1727)",1
"(1728,1729)",2
"(1728,1730)",1
"(1729,1730)",1
"(1729,2096)",2
"(1729,2460)",0
"(1730,1818)",0
"(1731,2351)",0
"(1731,2357)",0
"(1731,2355)",0
"(1732,1733)",0
"(1732,1734)",0
"(1732,1735)",0
"(1732,1736)",0
"(1732,1737)",0
"(1734,2360)",0
"(1735,2132)",1
"(1735,2130)",1
"(1736,1886)",0
"(1736,1855)",0
"(1736,1769)",0
"(1736,1770)",0
"(1736,1887)",0
"(1738,1739)",1
"(1738,1740)",0
"(1738,1741)",0
"(1739,2317)",0
"(1742,1743)",0
"(1745,1746)",0
"(1746,2031)",0
"(1747,1894)",1
"(1749,1752)",1
"(1749,1751)",1
"(1750,1752)",1
"(1750,1751)",1
"(1751,1752)",1
"(1751,2091)",1
"(1752,1753)",0
"(1754,1976)",0
"(1755,2325)",0
"(1756,1757)",0
"(1756,1758)",0
"(1756,1759)",0
"(1756,1760)",0
"(1756,1761)",0
"(1756,1762)",0
"(1756,1763)",0
"(1756,1764)",0
"(1756,1765)",0
"(1756,1766)",0
"(1756,1767)",0
"(1756,1768)",0
"(1756,2063)",1
"(1757,1883)",2
"(1757,2063)",0
"(1758,1763)",0
"(1759,1763)",2
"(1760,1883)",0
"(1761,1883)",1
"(1761,2063)",1
"(1762,1764)",2
"(1762,1765)",2
"(1762,1768)",2
"(1762,2378)",0
"(1764,1767)",1
"(1764,1768)",2
"(1764,1765)",2
"(1764,2378)",0
"(1765,1768)",2
"(1765,1883)",0
"(1765,2063)",0
"(1765,1767)",1
"(1766,2063)",0
"(1767,1883)",1
"(1767,2063)",0
"(1770,2318)",0
"(1770,1990)",0
"(1771,1772)",0
"(1771,1773)",0
"(1772,2417)",1
"(1775,2386)",1
"(1776,1777)",0
"(1776,1778)",0
"(1776,1779)",0
"(1777,2169)",1
"(1777,2165)",0
"(1777,2170)",2
"(1777,2171)",0
"(1777,1778)",2
"(1778,2170)",2
"(1778,2173)",0
"(1779,2504)",1
"(1780,1990)",0
"(1781,1982)",1
"(1781,1782)",1
"(1782,1982)",1
"(1783,2432)",0
"(1783,2433)",0
"(1784,1785)",1
"(1786,2230)",1
"(1787,1805)",0
"(1790,1833)",2
"(1791,1792)",0
"(1792,1799)",0
"(1792,2085)",0
"(1792,2086)",0
"(1792,1800)",0
"(1792,1801)",0
"(1796,2086)",0
"(1796,2172)",1
"(1797,1798)",0
"(1797,1799)",0
"(1797,1800)",0
"(1797,1801)",0
"(1797,2338)",0
"(1798,2338)",1
"(1798,2342)",1
"(1798,2086)",0
"(1798,1915)",0
"(1798,2173)",0
"(1800,1801)",0
"(1803,1804)",1
"(1803,1891)",0
"(1803,1892)",0
"(1807,1814)",0
"(1807,2374)",0
"(1807,1876)",1
"(1808,1963)",0
"(1809,1940)",0
"(1810,1963)",0
"(1810,1811)",0
"(1811,1963)",0
"(1812,1963)",0
"(1812,2498)",0
"(1813,1963)",0
"(1814,1887)",0
"(1815,1816)",0
"(1815,1817)",1
"(1815,1818)",0
"(1815,1819)",0
"(1815,1820)",2
"(1817,1818)",1
"(1817,2282)",0
"(1817,2627)",1
"(1818,2245)",0
"(1818,2246)",0
"(1819,2275)",1
"(1819,2276)",0
"(1819,2277)",1
"(1819,2278)",1
"(1819,2279)",1
"(1819,2280)",0
"(1819,2281)",0
"(1819,2282)",1
"(1820,2591)",1
"(1821,1822)",0
"(1823,2139)",1
"(1824,1825)",0
"(1824,1826)",0
"(1824,1827)",0
"(1824,1828)",0
"(1824,1829)",0
"(1824,1830)",0
"(1824,1831)",0
"(1824,1832)",0
"(1827,2079)",1
"(1827,1832)",0
"(1828,1829)",2
"(1833,1834)",1
"(1834,2106)",0
"(1835,1836)",0
"(1835,1837)",0
"(1835,1838)",0
"(1835,1839)",0
"(1835,1840)",0
"(1835,1841)",0
"(1835,1842)",0
"(1835,1843)",0
"(1835,1844)",0
"(1835,1924)",0
"(1837,2512)",1
"(1838,1924)",1
"(1838,1844)",1
"(1839,1844)",0
"(1840,1841)",1
"(1840,1924)",1
"(1840,1926)",1
"(1841,1924)",0
"(1841,1926)",2
"(1842,2055)",1
"(1842,2008)",1
"(1843,2055)",0
"(1843,2341)",0
"(1843,2058)",0
"(1844,2058)",2
"(1844,2013)",0
"(1845,1846)",1
"(1846,1847)",0
"(1853,2042)",1
"(1855,2257)",0
"(1856,2334)",1
"(1856,2335)",1
"(1857,1873)",0
"(1858,1859)",1
"(1858,1860)",1
"(1861,1862)",1
"(1863,1864)",1
"(1865,1866)",0
"(1867,1868)",0
"(1868,2678)",0
"(1869,1870)",1
"(1871,1872)",1
"(1873,2390)",0
"(1874,1875)",1
"(1874,1876)",0
"(1876,2374)",0
"(1877,1878)",2
"(1879,1880)",1
"(1881,1890)",0
"(1883,1884)",0
"(1886,2477)",0
"(1887,1983)",1
"(1891,1892)",0
"(1891,1893)",0
"(1891,1894)",0
"(1892,2114)",0
"(1895,1896)",0
"(1897,1898)",0
"(1899,1900)",1
"(1899,1901)",1
"(1900,2002)",1
"(1902,1903)",1
"(1907,1908)",1
"(1907,1909)",0
"(1907,1910)",1
"(1908,2147)",2
"(1908,1909)",1
"(1908,1910)",1
"(1911,1912)",1
"(1913,1914)",1
"(1915,2340)",0
"(1915,2173)",0
"(1916,1917)",0
"(1916,1918)",1
"(1917,2201)",0
"(1918,2320)",1
"(1919,1920)",0
"(1922,1923)",0
"(1924,1925)",1
"(1925,2055)",0
"(1929,1930)",2
"(1929,1931)",1
"(1929,1932)",1
"(1930,1932)",1
"(1930,1931)",1
"(1932,1933)",1
"(1932,2062)",1
"(1933,2062)",1
"(1934,2442)",1
"(1935,2361)",1
"(1935,2362)",1
"(1937,2187)",2
"(1937,1942)",2
"(1937,2534)",0
"(1938,2187)",1
"(1938,1942)",2
"(1941,2187)",2
"(1941,1942)",2
"(1941,2441)",0
"(1942,2167)",0
"(1942,2533)",0
"(1942,1943)",1
"(1942,2168)",1
"(1943,2187)",0
"(1943,2534)",0
"(1944,2390)",0
"(1945,2527)",0
"(1946,2016)",1
"(1946,2136)",0
"(1946,2252)",0
"(1947,2015)",1
"(1948,2015)",0
"(1949,2016)",1
"(1949,2136)",0
"(1950,2016)",0
"(1950,2136)",1
"(1950,2545)",0
"(1950,2546)",0
"(1950,2549)",0
"(1950,2550)",0
"(1951,1952)",0
"(1951,1980)",0
"(1952,1953)",0
"(1952,1954)",0
"(1952,1955)",0
"(1953,2545)",1
"(1954,2137)",0
"(1954,2146)",0
"(1955,2136)",0
"(1955,2137)",0
"(1958,2036)",2
"(1963,1964)",0
"(1964,2632)",1
"(1965,2381)",0
"(1966,1967)",0
"(1966,1968)",0
"(1966,2405)",1
"(1966,2407)",0
"(1967,2405)",0
"(1967,2407)",1
"(1968,2404)",1
"(1968,2405)",1
"(1968,2407)",1
"(1970,1971)",1
"(1970,1972)",0
"(1972,1973)",0
"(1974,1975)",0
"(1976,1977)",0
"(1976,1978)",0
"(1977,1978)",1
"(1985,1986)",1
"(1985,1987)",1
"(1985,2523)",0
"(1986,1987)",1
"(1988,1989)",0
"(1988,1990)",0
"(1988,1991)",1
"(1988,1992)",0
"(1988,1993)",0
"(1989,2642)",0
"(1990,2357)",0
"(1990,1991)",1
"(1997,1998)",1
"(1999,2000)",1
"(2001,2054)",0
"(2002,2003)",2
"(2006,2007)",1
"(2006,2008)",1
"(2006,2009)",0
"(2007,2008)",1
"(2008,2055)",0
"(2009,2010)",0
"(2009,2011)",0
"(2009,2012)",1
"(2009,2013)",0
"(2009,2121)",0
"(2010,2012)",2
"(2011,2012)",1
"(2013,2055)",0
"(2013,2341)",1
"(2015,2495)",1
"(2017,2018)",1
"(2019,2020)",0
"(2019,2021)",1
"(2019,2022)",2
"(2019,2023)",1
"(2019,2024)",2
"(2020,2031)",1
"(2020,2525)",1
"(2021,2083)",0
"(2022,2023)",1
"(2023,2024)",1
"(2024,2225)",0
"(2027,2153)",1
"(2028,2029)",0
"(2030,2106)",0
"(2031,2315)",0
"(2031,2316)",1
"(2031,2525)",1
"(2032,2033)",0
"(2032,2034)",1
"(2032,2035)",0
"(2033,2522)",1
"(2034,2035)",0
"(2035,2518)",0
"(2035,2520)",1
"(2035,2522)",0
"(2036,2472)",1
"(2039,2040)",0
"(2039,2428)",0
"(2040,2397)",0
"(2040,2301)",0
"(2044,2045)",0
"(2044,2101)",0
"(2044,2528)",0
"(2044,2253)",0
"(2049,2671)",0
"(2052,2053)",0
"(2055,2056)",0
"(2055,2057)",1
"(2055,2058)",1
"(2055,2059)",2
"(2057,2343)",2
"(2057,2059)",1
"(2057,2669)",0
"(2058,2341)",1
"(2058,2059)",2
"(2060,2061)",0
"(2064,2065)",2
"(2064,2066)",1
"(2067,2068)",2
"(2067,2070)",0
"(2068,2069)",1
"(2068,2070)",1
"(2069,2070)",0
"(2071,2072)",0
"(2072,2150)",1
"(2074,2075)",0
"(2074,2076)",1
"(2075,2155)",1
"(2076,2327)",1
"(2079,2080)",0
"(2079,2299)",0
"(2081,2082)",1
"(2083,2084)",0
"(2085,2125)",1
"(2085,2165)",0
"(2085,2086)",1
"(2086,2125)",0
"(2087,2088)",1
"(2099,2101)",0
"(2099,2234)",0
"(2101,2102)",0
"(2101,2103)",0
"(2101,2104)",0
"(2101,2105)",0
"(2103,2105)",0
"(2104,2557)",0
"(2106,2107)",0
"(2107,2403)",0
"(2111,2112)",0
"(2112,2365)",1
"(2112,2368)",1
"(2112,2371)",1
"(2114,2422)",0
"(2119,2120)",2
"(2119,2175)",1
"(2125,2338)",0
"(2130,2132)",2
"(2131,2133)",1
"(2132,2434)",1
"(2137,2138)",0
"(2138,2187)",0
"(2138,2157)",0
"(2138,2497)",1
"(2143,2144)",1
"(2148,2393)",0
"(2149,2164)",1
"(2156,2157)",1
"(2157,2187)",1
"(2158,2159)",2
"(2158,2314)",0
"(2159,2649)",0
"(2160,2161)",0
"(2161,2162)",0
"(2161,2210)",1
"(2161,2211)",0
"(2161,2213)",1
"(2162,2211)",1
"(2162,2212)",2
"(2162,2600)",0
"(2163,2426)",1
"(2163,2320)",0
"(2163,2427)",1
"(2165,2169)",2
"(2167,2556)",1
"(2169,2171)",2
"(2171,2172)",0
"(2173,2510)",1
"(2176,2177)",0
"(2177,2469)",0
"(2180,2181)",1
"(2182,2183)",1
"(2184,2185)",0
"(2188,2189)",1
"(2193,2194)",0
"(2196,2197)",0
"(2196,2416)",0
"(2196,2511)",0
"(2196,2678)",0
"(2197,2198)",0
"(2198,2308)",1
"(2199,2200)",1
"(2201,2250)",1
"(2201,2226)",0
"(2201,2251)",1
"(2203,2204)",1
"(2203,2205)",0
"(2203,2206)",0
"(2206,2342)",0
"(2207,2208)",1
"(2207,2209)",1
"(2208,2209)",1
"(2210,2213)",1
"(2211,2212)",1
"(2212,2615)",1
"(2212,2490)",0
"(2214,2215)",0
"(2214,2216)",1
"(2214,2483)",0
"(2217,2218)",1
"(2217,2244)",0
"(2221,2222)",0
"(2228,2229)",1
"(2231,2232)",1
"(2231,2233)",1
"(2232,2233)",1
"(2233,2234)",0
"(2238,2239)",0
"(2239,2416)",0
"(2242,2243)",2
"(2245,2522)",1
"(2246,2616)",0
"(2252,2499)",0
"(2252,2500)",0
"(2253,2528)",1
"(2257,2642)",0
"(2258,2294)",2
"(2258,2385)",2
"(2262,2263)",1
"(2262,2264)",1
"(2263,2264)",2
"(2267,2409)",0
"(2268,2269)",2
"(2268,2424)",0
"(2270,2271)",0
"(2271,2437)",0
"(2274,2324)",1
"(2275,2278)",1
"(2276,2281)",1
"(2277,2515)",1
"(2277,2516)",0
"(2277,2279)",1
"(2277,2518)",0
"(2279,2515)",1
"(2279,2280)",0
"(2279,2517)",0
"(2280,2517)",0
"(2282,2590)",1
"(2282,2627)",0
"(2283,2284)",1
"(2283,2285)",0
"(2283,2286)",0
"(2284,2286)",0
"(2285,2286)",0
"(2289,2290)",0
"(2293,2294)",0
"(2294,2385)",2
"(2295,2296)",0
"(2295,2297)",1
"(2295,2298)",1
"(2296,2297)",0
"(2296,2298)",0
"(2297,2298)",1
"(2299,2300)",1
"(2302,2303)",0
"(2302,2304)",1
"(2302,2305)",2
"(2303,2304)",0
"(2304,2306)",0
"(2304,2307)",0
"(2304,2675)",1
"(2316,2525)",1
"(2319,2320)",0
"(2319,2321)",0
"(2321,2682)",0
"(2321,2685)",0
"(2321,2686)",1
"(2323,2436)",0
"(2327,2328)",0
"(2330,2331)",1
"(2334,2335)",1
"(2336,2337)",0
"(2338,2339)",0
"(2339,2450)",2
"(2345,2346)",1
"(2347,2348)",2
"(2347,2349)",1
"(2348,2349)",2
"(2349,2458)",0
"(2351,2352)",1
"(2351,2353)",0
"(2351,2354)",0
"(2351,2355)",0
"(2360,2617)",1
"(2360,2618)",1
"(2363,2616)",0
"(2364,2429)",1
"(2365,2366)",0
"(2365,2367)",0
"(2365,2368)",0
"(2365,2369)",0
"(2365,2370)",0
"(2365,2371)",0
"(2365,2698)",0
"(2373,2530)",0
"(2375,2376)",1
"(2376,2377)",1
"(2379,2380)",1
"(2380,2381)",2
"(2383,2384)",0
"(2388,2389)",1
"(2391,2392)",1
"(2393,2394)",0
"(2393,2395)",0
"(2393,2396)",0
"(2394,2395)",0
"(2396,2432)",0
"(2396,2703)",0
"(2397,2428)",1
"(2399,2400)",0
"(2401,2402)",1
"(2401,2403)",2
"(2404,2405)",1
"(2404,2406)",1
"(2404,2407)",1
"(2405,2406)",1
"(2405,2407)",2
"(2406,2564)",0
"(2422,2423)",0
"(2426,2427)",1
"(2430,2431)",1
"(2440,2441)",0
"(2441,2537)",0
"(2441,2538)",0
"(2442,2663)",1
"(2443,2444)",1
"(2445,2446)",1
"(2447,2448)",0
"(2452,2453)",1
"(2462,2463)",2
"(2462,2464)",2
"(2462,2677)",2
"(2464,2677)",2
"(2465,2466)",1
"(2469,2484)",0
"(2470,2471)",0
"(2473,2474)",2
"(2475,2476)",1
"(2479,2673)",0
"(2480,2481)",1
"(2485,2486)",1
"(2487,2488)",0
"(2487,2489)",2
"(2489,2652)",0
"(2493,2494)",0
"(2497,2498)",1
"(2500,2634)",1
"(2502,2632)",0
"(2502,2633)",0
"(2508,2509)",0
"(2508,2510)",1
"(2513,2514)",1
"(2518,2519)",0
"(2518,2520)",0
"(2520,2521)",0
"(2525,2526)",0
"(2533,2556)",1
"(2535,2542)",0
"(2535,2543)",1
"(2536,2542)",0
"(2536,2543)",1
"(2537,2538)",0
"(2540,2541)",2
"(2545,2546)",0
"(2546,2551)",1
"(2549,2550)",0
"(2552,2553)",0
"(2554,2555)",1
"(2557,2558)",0
"(2557,2559)",0
"(2560,2561)",0
"(2562,2563)",2
"(2565,2566)",0
"(2567,2568)",0
"(2569,2570)",0
"(2571,2572)",0
"(2571,2573)",0
"(2571,2574)",0
"(2571,2575)",0
"(2572,2574)",2
"(2573,2575)",1
"(2574,2575)",1
"(2577,2578)",0
"(2580,2581)",1
"(2583,2653)",0
"(2583,2584)",0
"(2584,2653)",1
"(2585,2586)",0
"(2587,2588)",1
"(2587,2589)",0
"(2589,2592)",0
"(2589,2614)",0
"(2591,2592)",0
"(2593,2594)",1
"(2593,2595)",0
"(2593,2596)",0
"(2595,2614)",0
"(2595,2624)",0
"(2596,2597)",0
"(2596,2598)",0
"(2596,2599)",0
"(2596,2600)",1
"(2596,2601)",0
"(2596,2602)",1
"(2596,2603)",0
"(2596,2604)",1
"(2596,2605)",1
"(2598,2615)",0
"(2598,2602)",0
"(2598,2603)",0
"(2600,2613)",0
"(2601,2615)",0
"(2602,2604)",1
"(2602,2605)",1
"(2603,2624)",0
"(2604,2605)",1
"(2606,2607)",2
"(2606,2608)",1
"(2607,2608)",1
"(2611,2622)",1
"(2612,2615)",0
"(2613,2615)",0
"(2614,2623)",0
"(2614,2624)",1
"(2615,2622)",0
"(2619,2620)",0
"(2620,2621)",0
"(2620,2625)",0
"(2620,2626)",0
"(2620,2628)",1
"(2623,2624)",0
"(2630,2631)",2
"(2632,2633)",1
"(2635,2636)",1
"(2635,2637)",1
"(2635,2639)",1
"(2636,2637)",2
"(2637,2638)",0
"(2637,2639)",1
"(2638,2639)",1
"(2640,2641)",1
"(2643,2644)",1
"(2645,2646)",2
"(2647,2648)",0
"(2650,2651)",2
"(2654,2655)",0
"(2656,2657)",0
"(2656,2658)",1
"(2657,2658)",0
"(2661,2662)",0
"(2665,2666)",2
"(2667,2668)",0
"(2675,2676)",2
"(2678,2679)",0
"(2680,2681)",2
"(2682,2683)",0
"(2682,2684)",0
"(2682,2685)",0
"(2682,2686)",1
"(2683,2686)",1
"(2685,2686)",1
"(2687,2688)",2
"(2689,2690)",0
"(2689,2691)",1
"(2691,2692)",0
"(2694,2695)",1
"(2696,2697)",1
"(2699,2700)",0
"(2701,2702)",1
"(2704,2705)",0
"(2704,2706)",1
"(2705,2706)",2
"(2705,2707)",0
