Node1,Node2
0,1
0,2
0,3
0,4
0,5
0,6
0,7
0,8
0,9
0,10
0,11
0,12
0,13
0,14
0,15
0,16
0,17
0,18
0,19
0,20
0,21
0,22
0,23
0,24
0,25
0,26
0,27
0,28
0,29
0,30
0,31
0,32
0,33
0,34
0,35
0,36
0,37
0,38
0,39
0,40
0,41
0,42
0,43
0,44
0,45
0,46
0,47
0,48
0,49
0,50
0,51
0,52
0,53
0,54
0,55
0,56
0,57
0,58
0,59
0,60
0,61
0,62
0,63
0,64
0,65
0,66
0,67
0,68
0,69
0,70
0,71
0,72
0,73
0,74
0,75
0,76
0,77
0,78
0,79
0,80
0,81
0,82
0,83
0,84
0,85
0,86
0,87
0,88
0,89
0,90
0,91
0,92
0,93
0,94
0,95
0,96
0,97
0,98
0,99
0,100
0,101
0,102
0,103
0,104
0,105
0,106
0,107
0,108
0,109
0,110
0,111
0,112
0,113
0,114
0,115
0,116
0,117
0,118
0,119
0,120
0,121
0,122
0,123
0,124
0,125
0,126
0,127
0,128
0,129
0,130
0,131
0,132
0,133
0,134
0,135
0,136
0,137
0,138
0,139
0,140
0,141
0,142
0,143
0,144
0,145
0,146
0,147
0,148
0,149
0,150
0,151
0,152
0,153
0,154
0,155
0,156
0,157
0,158
0,159
0,160
0,161
0,162
0,163
0,164
0,165
0,166
0,2101
0,2374
1,325
1,330
1,99
1,1736
2,387
2,392
2,1639
2,83
2,1640
3,163
3,2156
3,19
3,22
3,31
3,47
3,2157
3,1948
3,111
3,2090
4,714
4,474
4,100
5,714
5,1754
5,93
5,94
6,60
7,223
7,58
8,164
8,1547
8,1551
9,95
9,1784
9,1946
9,1497
10,74
10,2413
11,161
11,2231
11,77
11,78
12,1952
12,71
13,2468
14,2101
14,56
14,57
15,1337
15,1342
15,946
16,1656
16,2203
16,86
17,490
17,760
18,161
19,2101
19,73
20,1976
21,101
21,2387
21,2501
22,2539
25,1315
26,1857
26,1952
26,1873
27,2137
28,161
29,52
29,1959
30,1297
30,2044
30,2101
30,138
31,148
31,2090
32,86
32,141
34,78
35,60
35,2447
35,2632
36,2436
37,125
39,60
40,60
40,94
42,1351
42,2101
42,161
44,60
45,1351
45,2101
45,161
46,1754
46,2252
46,107
46,108
47,1663
47,2534
48,2101
48,161
48,1354
48,301
49,1754
50,1351
50,2101
50,161
51,167
51,2138
51,2157
52,164
52,261
52,1308
52,1309
52,1310
52,1311
52,1312
52,55
52,72
52,84
52,1313
52,1314
52,112
52,1315
52,1316
52,1317
52,1318
52,1319
52,1030
52,956
53,192
53,1857
53,97
54,854
54,102
54,106
54,132
55,1959
55,1313
56,95
56,167
56,121
56,2253
56,2044
56,155
57,1351
58,1806
60,462
60,463
60,464
60,465
60,101
60,123
60,466
60,151
60,153
60,160
60,1976
61,551
61,1148
61,1151
61,1703
61,578
62,1755
63,956
63,160
64,1547
64,99
65,99
65,1736
65,1855
66,309
66,490
66,493
66,311
66,494
66,495
66,496
66,475
66,497
66,498
66,315
67,1168
67,99
67,2333
67,1856
67,1170
68,1342
68,2344
69,1852
69,524
69,322
69,314
69,164
69,71
70,151
70,152
71,95
71,1874
71,2372
71,2373
71,82
71,96
71,114
71,120
71,1683
71,1951
71,2099
71,164
71,2374
72,1168
73,2102
74,2412
74,1810
74,1954
74,127
75,1452
75,2258
75,2385
76,346
76,1663
76,363
76,98
78,2101
78,143
79,760
79,1120
79,160
79,476
80,95
80,1171
80,1172
81,164
81,162
82,2101
83,384
83,1639
83,406
83,414
84,1309
84,1311
84,192
84,1660
84,1315
84,1319
85,1419
86,2174
86,98
86,107
86,139
86,140
86,141
86,142
86,147
87,111
87,1682
87,1683
91,2101
91,465
93,1754
93,1755
93,108
94,1351
94,462
94,129
94,133
94,1354
94,165
95,1732
95,1171
95,1172
95,1551
95,1547
95,1497
95,1736
95,106
95,1769
95,1770
96,164
96,1663
96,1806
96,1807
96,1808
96,1809
96,1810
96,1811
96,1812
96,259
96,1813
96,1814
97,192
97,1857
98,160
99,332
99,1855
99,1856
99,1857
99,114
99,134
99,1814
100,1307
100,2423
100,1988
101,1351
103,1888
103,151
104,760
104,776
104,2359
105,1784
105,2259
105,2261
106,1169
106,259
107,2499
107,2500
107,2501
107,144
107,1353
107,2502
107,466
108,2234
108,145
109,2101
109,2503
109,2105
110,1663
110,1937
110,1938
110,1939
110,1809
110,1445
110,1941
110,1942
110,1943
110,126
110,1944
110,135
111,1945
111,1621
111,1946
111,1553
111,1947
111,1948
111,126
111,1949
111,1950
111,1951
111,149
111,148
112,1959
112,1309
112,1310
112,1312
112,1319
112,1030
113,161
114,1857
114,2373
114,1175
114,2530
115,2105
116,2101
116,156
117,137
118,124
118,2370
119,161
120,1809
120,127
120,2527
120,136
120,2528
120,2253
120,148
120,2137
121,436
121,2529
121,2423
122,1355
124,2531
126,1952
127,1952
127,2535
127,2536
127,1953
127,1954
129,161
129,165
129,463
129,2544
130,1547
130,2136
130,2542
131,1873
131,2441
131,1992
131,1939
131,1485
132,2374
133,1754
133,2136
134,2373
134,1993
136,301
136,2547
138,2101
138,1282
140,142
143,161
144,1173
144,2499
144,2500
144,2502
146,163
146,1963
147,1173
148,1946
148,1949
148,149
148,161
149,2015
149,1980
149,2016
150,2027
150,2028
150,1389
151,1959
151,1976
151,152
152,2325
154,2674
155,2090
155,1188
155,1750
155,1751
158,2099
159,714
159,756
160,2101
160,2108
160,2109
160,2110
160,166
160,2255
161,463
161,2105
161,2113
161,1770
162,2116
162,1484
162,2312
163,1165
163,1166
163,956
164,244
164,245
164,246
164,247
164,248
164,249
164,250
164,251
164,216
164,252
164,253
164,254
164,255
164,256
164,257
164,258
164,259
164,260
164,261
164,262
164,263
164,264
164,212
166,2101
167,168
167,169
169,1493
169,2420
169,2421
169,2422
170,171
170,172
170,173
170,174
170,175
170,176
170,177
170,178
170,179
170,180
170,181
170,182
170,183
170,184
170,185
170,186
170,187
170,188
170,189
170,190
170,191
170,192
170,193
170,194
170,195
170,196
170,197
170,198
170,199
170,200
170,201
170,202
170,203
170,204
170,205
170,206
170,207
170,208
170,209
170,210
170,211
170,212
171,261
171,225
171,1529
171,938
172,207
173,337
174,223
174,1284
174,949
175,940
175,261
175,974
176,261
176,938
176,974
177,261
177,938
178,185
179,261
179,197
180,943
180,1438
180,221
181,743
182,262
183,223
183,1648
184,854
184,261
184,223
184,1678
184,936
184,206
184,978
185,225
185,199
185,211
185,854
185,261
185,1670
186,226
186,227
186,199
186,936
186,1797
187,190
189,854
189,260
189,261
189,960
190,223
190,448
190,831
190,1451
190,196
190,436
191,261
191,225
191,940
191,193
192,854
192,932
192,933
192,934
192,1660
192,1661
192,1315
192,1962
193,261
193,959
193,962
193,968
193,969
193,975
193,197
193,861
193,206
193,979
193,980
193,957
194,213
194,205
194,978
194,1102
195,213
195,261
195,211
195,1389
196,950
196,261
196,831
197,213
197,943
197,1672
197,1017
198,213
198,950
198,261
198,223
198,1649
199,213
200,235
200,865
200,261
200,872
200,1237
201,261
201,1015
201,740
201,1018
202,205
202,261
202,954
203,854
203,260
203,261
203,223
204,213
205,854
205,945
205,948
205,949
205,212
205,223
206,261
206,249
206,936
206,978
206,1668
208,974
209,272
209,261
209,969
209,1324
210,950
210,1670
211,261
211,1389
211,962
212,854
212,988
213,214
213,215
213,216
213,217
213,218
213,219
213,220
213,221
213,222
213,223
213,224
214,477
214,943
214,2291
215,223
215,1835
215,1800
215,217
216,1015
216,1334
216,1016
216,245
216,964
216,353
216,942
216,254
216,222
216,1017
216,1018
218,1670
218,1678
219,936
219,261
219,1628
219,941
219,966
219,1655
220,272
220,854
220,261
220,223
220,1102
221,1438
221,971
222,1467
223,854
223,260
223,261
223,958
223,982
223,397
223,983
223,226
223,415
223,740
223,984
223,227
223,947
223,860
223,262
223,978
223,427
223,985
223,986
223,987
223,376
224,1648
224,959
224,1651
225,940
225,261
225,229
226,446
226,261
226,1346
227,978
227,1467
227,845
228,229
228,526
229,814
230,854
230,1529
230,2043
231,232
231,233
231,234
231,433
231,1607
232,346
232,1647
235,2073
237,1699
237,1972
238,242
242,2009
244,261
244,799
244,451
244,354
244,1126
244,1233
244,784
244,361
244,1234
244,685
244,1235
244,1133
244,1236
244,781
244,986
244,1237
246,811
246,261
246,812
246,972
247,261
247,249
248,2004
249,936
249,261
249,961
249,963
250,377
250,261
250,2301
251,499
252,1485
252,1486
252,1487
252,264
252,1990
253,1546
253,744
254,1963
254,1814
254,1290
255,935
255,261
256,818
256,261
256,436
256,2111
258,1774
258,1508
259,261
259,1963
260,854
260,932
260,933
260,856
260,934
260,935
260,261
261,854
261,958
261,932
261,937
261,933
261,951
261,959
261,960
261,961
261,962
261,389
261,963
261,855
261,964
261,965
261,966
261,967
261,968
261,856
261,969
261,934
261,970
261,971
261,972
261,938
261,973
261,974
261,975
261,976
261,977
261,744
261,947
261,936
261,860
261,861
261,262
261,978
261,979
261,980
261,862
261,981
261,943
262,978
263,525
263,1802
263,2004
264,1487
265,267
265,268
265,269
265,270
265,272
266,1617
267,272
267,1599
267,1610
268,377
268,818
269,818
269,840
269,1382
269,2409
270,272
270,2467
271,272
272,273
272,274
272,275
272,276
272,277
272,278
272,279
272,280
272,281
272,282
272,283
272,284
272,285
272,286
272,287
272,288
272,289
272,290
272,291
272,292
272,293
272,294
272,295
272,296
272,297
272,298
272,299
272,300
272,301
272,302
272,303
272,304
272,305
272,306
272,307
272,308
272,1382
272,433
273,857
273,297
273,1863
275,714
275,818
275,1382
275,2247
276,303
277,2195
278,2364
279,1382
280,619
280,626
281,2411
282,1413
282,1493
282,1788
282,2511
284,377
284,1493
285,1599
286,1119
286,1089
286,295
286,1130
286,1563
287,818
288,1599
288,1614
288,1618
289,621
290,619
291,300
291,1719
291,299
291,2082
292,1149
292,1608
292,2410
293,857
293,1646
294,377
294,438
295,839
296,1695
296,1709
296,1710
296,1711
297,857
297,1493
297,1496
298,377
299,714
299,1904
299,2439
300,828
301,1582
302,1974
303,619
304,1738
304,2317
306,1382
306,2409
306,2654
306,2655
307,1493
307,2659
309,310
309,311
309,312
309,313
309,314
309,315
309,316
310,1507
311,484
312,320
313,499
313,315
313,1556
314,2255
315,317
315,321
315,322
315,501
316,1823
316,2071
317,319
318,1509
318,321
319,321
321,322
321,323
322,499
322,1659
323,1508
323,1506
323,2188
324,326
324,327
325,331
326,854
326,2137
326,1991
330,331
330,1814
331,332
331,1784
331,1736
332,2323
332,2324
333,1143
334,1139
334,1143
337,339
337,340
339,341
339,919
341,342
341,343
341,344
341,345
342,1302
342,1206
342,1350
343,1305
343,1306
343,1273
343,1287
344,1297
344,1563
344,1794
344,1895
344,1965
345,551
345,923
345,924
345,925
345,562
345,926
345,881
345,1302
345,1979
346,347
346,348
346,349
346,350
346,351
346,352
346,353
346,354
346,355
346,356
346,357
346,358
346,359
346,360
346,361
346,362
346,363
346,364
346,365
346,366
346,367
346,368
346,369
346,370
346,371
346,372
346,373
346,374
346,375
346,376
346,854
346,946
347,918
347,922
348,1306
349,1130
349,1732
350,1218
350,1654
350,1563
350,1561
350,695
350,1006
350,698
350,704
351,1194
353,985
355,1302
355,1019
356,528
356,565
356,1084
356,529
356,547
356,1239
357,1879
357,884
358,1531
358,1534
359,528
359,543
359,1635
360,1760
361,797
361,1120
361,730
361,731
361,732
361,1699
361,362
361,1981
362,797
362,1250
362,803
363,776
365,1824
365,767
366,1194
367,377
367,1038
367,426
367,1730
368,528
368,2080
369,760
369,1194
370,672
370,791
370,519
370,1120
370,1881
370,2014
371,528
371,865
371,1075
371,871
371,868
371,869
372,528
372,1076
372,682
372,1077
372,1078
372,689
372,375
372,550
373,1194
373,679
373,680
374,1019
374,2073
374,1120
374,872
374,376
375,550
375,689
376,1237
377,378
377,379
377,380
377,381
377,382
377,383
377,384
377,385
377,386
377,387
377,388
377,389
377,390
377,391
377,392
377,393
377,394
377,395
377,396
377,397
377,398
377,399
377,400
377,401
377,402
377,403
377,404
377,405
377,406
377,407
377,408
377,409
377,410
377,411
377,412
377,413
377,414
377,415
377,416
377,417
377,418
377,419
377,420
377,421
377,422
377,423
377,424
377,425
377,426
377,427
377,428
377,429
377,430
377,431
377,432
377,433
377,434
377,435
377,436
377,437
377,438
377,439
377,440
377,441
377,442
377,443
377,444
377,445
378,854
381,1493
381,435
381,2106
382,619
382,626
384,474
385,1732
386,1493
387,1804
389,854
389,988
389,1657
391,2427
392,1803
393,1698
395,714
395,854
397,854
398,714
399,433
400,714
402,599
402,626
402,1136
402,604
404,860
406,1333
406,1640
408,714
409,2196
409,2238
409,2416
409,2426
410,2248
411,714
411,2292
413,1493
413,418
414,474
415,854
415,427
416,1566
416,424
417,1493
417,1496
418,714
418,419
418,422
419,944
419,719
419,1344
419,1585
419,1586
419,429
419,986
420,599
422,1493
425,714
425,1493
425,612
425,432
426,1038
427,854
428,1661
429,1495
429,1496
430,818
430,2409
431,1493
432,1101
432,1493
433,2087
433,1233
433,1623
433,1544
433,1545
433,2088
434,854
434,1672
435,714
435,1493
438,714
438,451
438,857
439,2133
440,714
440,1493
443,714
444,1493
445,2307
446,447
446,448
446,449
446,450
446,451
446,452
446,453
446,454
446,455
446,456
446,457
446,458
446,459
446,460
446,461
447,459
449,1211
449,1543
449,1656
449,1312
451,1543
451,1570
452,995
452,688
452,1369
453,1936
453,1375
453,2419
454,528
454,997
455,641
455,892
456,637
457,760
457,776
457,1005
460,641
460,1543
460,1957
460,2506
460,461
461,2507
463,2274
466,2502
467,468
467,469
467,470
467,471
467,472
467,818
467,840
467,1071
467,832
468,900
468,657
469,1071
470,818
470,1071
471,848
471,1285
473,474
473,1130
473,1654
473,1893
474,818
474,1038
474,1039
474,1040
474,1780
474,1781
474,1041
474,1783
474,1563
475,476
476,922
476,2344
476,1873
477,478
477,1776
478,1776
478,1797
478,1799
478,1466
479,480
479,486
479,500
479,648
480,2220
481,500
481,642
481,491
481,646
481,647
483,491
483,643
483,498
483,1212
484,485
484,500
486,489
489,499
489,503
489,2358
490,491
490,492
491,648
492,922
493,2100
493,1156
493,2151
495,713
495,2242
496,713
496,2242
498,636
498,1567
499,500
499,503
499,504
500,645
501,1556
502,1556
503,1508
503,644
503,2358
505,506
505,507
505,508
505,509
505,510
505,511
505,512
505,513
505,514
505,1623
507,528
508,818
510,654
510,659
510,890
510,511
511,1118
511,573
511,726
511,727
511,2287
511,2288
512,708
512,709
512,786
512,787
512,788
512,789
512,779
512,790
512,792
512,794
512,513
513,528
513,577
514,572
514,664
514,1089
514,1090
515,516
515,517
515,518
515,519
516,783
516,1037
516,1701
516,673
517,760
517,1090
518,760
518,1194
518,1717
518,765
518,1464
518,1716
519,1130
519,1614
519,1732
519,1389
520,522
520,523
520,524
520,525
520,526
520,527
521,1201
521,1211
521,675
522,1438
524,1031
524,1802
524,2255
526,1848
526,728
526,1001
526,1002
526,1003
526,1004
526,775
526,1612
528,529
528,530
528,531
528,532
528,533
528,534
528,535
528,536
528,537
528,538
528,539
528,540
528,541
528,542
528,543
528,544
528,545
528,546
528,547
528,548
528,549
528,550
528,1802
529,672
529,1084
529,1022
531,922
531,1084
531,544
531,2073
532,1587
533,676
533,1120
533,1129
535,549
535,682
536,1084
536,2290
539,1031
539,549
539,1027
539,2241
540,1031
540,549
541,1303
541,1086
542,1237
542,1985
544,676
544,1120
544,1251
544,1129
544,545
545,1120
545,1129
545,867
546,1120
547,565
547,1630
547,1889
548,686
548,2079
548,2080
549,1802
549,1344
549,1087
550,1539
550,2054
551,552
551,553
551,554
551,555
551,556
551,557
551,558
551,559
551,560
551,561
551,562
551,563
551,564
551,565
551,566
551,567
552,1748
552,1979
554,797
554,1563
554,1150
555,776
555,1148
555,1636
555,1150
556,568
557,880
557,1131
557,567
558,890
558,2309
559,568
560,707
560,713
560,890
560,1463
561,568
561,1295
562,880
563,880
564,797
564,1879
565,873
565,874
565,880
565,1239
566,573
567,1125
567,880
567,1131
567,1284
567,1881
567,1276
568,569
568,570
568,571
568,572
568,573
568,574
568,575
568,576
568,577
568,578
569,890
569,1637
569,578
570,1641
570,1647
570,1700
570,2041
571,890
572,818
572,2186
573,890
573,1118
574,1130
576,1118
576,1131
576,1877
577,1037
577,1125
578,1148
578,1150
579,580
579,582
579,584
579,586
579,588
579,589
579,591
579,592
579,593
579,594
579,595
579,596
579,599
579,2393
580,599
580,589
581,599
582,599
582,2393
583,599
584,599
584,2393
586,2393
587,599
587,2393
590,599
591,599
592,2393
593,599
594,599
594,2393
595,599
595,2393
596,599
597,1093
599,600
599,601
599,602
599,603
599,604
599,605
599,606
599,607
599,608
599,609
599,610
599,611
599,612
599,613
599,1136
600,912
601,619
601,910
603,2393
605,2238
605,1137
606,625
606,627
608,2393
610,913
612,1493
612,1698
612,2579
613,1493
613,1643
613,1098
613,2691
613,2693
614,619
614,626
615,619
616,626
617,619
618,619
618,626
619,620
619,621
619,622
619,623
619,624
619,625
619,627
620,626
621,626
622,626
624,626
625,2456
626,909
626,910
626,911
626,627
628,630
630,1293
630,1294
630,1295
630,631
630,1296
630,839
631,818
631,815
633,2120
635,915
636,637
636,638
636,640
636,641
636,1240
637,1392
637,650
639,1240
640,1297
640,1407
640,1240
640,2479
641,891
641,892
641,1240
642,2457
646,648
646,2419
648,649
648,650
648,651
648,652
648,653
649,2120
651,652
654,655
654,657
654,658
655,1818
656,659
656,668
656,658
658,659
658,668
658,898
658,899
658,900
658,902
658,670
658,903
659,660
659,661
659,662
659,663
659,664
659,665
659,666
659,667
659,668
659,670
659,671
659,1403
659,1835
660,668
660,2149
663,1599
664,818
665,1835
665,1716
665,817
665,1461
665,1462
666,1397
666,1403
667,668
667,2338
668,671
668,1399
668,1403
670,671
671,1403
671,1818
672,673
672,675
673,690
673,713
673,760
673,792
674,1084
674,867
675,922
675,1473
675,2249
676,677
676,678
676,679
676,680
676,681
676,682
676,683
676,684
676,685
676,686
676,687
676,688
676,689
677,1636
677,1257
677,1591
678,1369
678,1197
679,1891
679,2114
680,1891
680,2114
681,1251
682,867
682,1081
683,1824
684,1251
685,1024
685,2073
686,1021
686,1022
686,1120
686,1129
687,2025
687,1894
688,1012
688,1032
688,996
688,776
688,1033
688,705
688,1130
689,1081
690,691
690,692
690,693
690,694
690,695
690,696
690,697
690,698
690,699
690,700
690,701
690,702
690,703
690,704
690,705
690,706
690,1130
691,995
692,1005
692,2506
692,785
692,1008
693,1668
693,700
694,1223
695,1199
696,1654
697,1748
697,700
698,1564
699,796
699,785
700,794
700,1223
700,1796
700,796
701,760
701,1118
705,995
706,762
707,708
707,709
707,710
707,711
707,712
708,818
708,1118
709,791
710,794
710,1717
710,1716
711,713
712,773
712,794
714,715
714,716
714,717
714,718
714,719
714,720
714,721
714,722
714,723
714,724
714,725
714,726
714,727
714,728
714,729
714,730
714,731
714,732
714,733
714,734
714,735
714,736
714,737
714,738
714,739
714,740
714,741
714,742
714,743
714,744
714,745
714,746
714,747
714,748
714,749
714,750
714,751
714,752
714,753
714,754
714,755
714,756
714,757
714,758
714,759
714,860
714,1688
714,1698
714,1692
715,2149
715,749
715,1737
716,860
716,2046
720,2388
722,1665
723,2326
724,2351
725,1725
728,1606
729,2707
730,1981
731,1981
732,737
732,1981
733,2192
734,904
734,1421
734,907
735,1867
736,1397
736,1403
736,1684
737,738
737,759
738,760
738,1619
738,1620
739,1233
739,743
739,759
739,1981
740,860
740,1529
740,814
740,1668
740,2043
741,1732
742,1747
742,1198
742,1748
744,1664
744,1786
745,840
745,1684
745,1787
745,844
745,1709
745,1710
745,1711
745,1788
745,1789
745,1051
745,746
745,747
745,1055
745,1056
745,1790
746,1788
747,1056
747,1934
747,2579
748,1444
748,2246
748,1062
749,1496
749,2409
750,1934
750,1243
750,1935
750,2126
751,1493
751,1994
752,1599
752,1605
752,2066
752,2583
752,2584
753,2645
753,2646
755,1301
756,1754
756,2028
758,1599
758,1600
759,797
759,1981
760,761
760,762
760,763
760,764
760,765
760,766
760,767
760,768
760,769
760,770
760,771
760,772
760,773
760,774
760,775
760,776
760,777
760,778
760,779
760,780
760,781
760,782
760,1194
760,1197
760,1824
760,1199
761,1155
761,781
761,872
762,782
763,783
763,1199
764,1599
764,1643
765,776
765,1194
765,1529
768,783
769,776
770,1233
771,783
771,776
771,1194
772,1194
773,792
773,775
773,2186
774,818
775,1194
775,1824
775,779
776,1001
776,1002
776,1003
776,1004
776,780
776,1194
776,1199
777,1194
778,1194
778,1447
778,1959
778,789
778,2001
778,1980
778,1525
779,783
779,1641
779,782
780,922
781,922
782,1075
782,2017
783,784
783,785
785,2506
786,792
787,1118
787,884
788,1150
788,884
790,875
790,1879
790,1389
792,793
793,1237
793,1241
794,795
794,796
794,1135
795,1344
795,2004
796,1199
796,1008
796,1135
797,798
797,799
797,800
797,801
797,802
797,803
797,804
798,1177
799,1211
800,854
800,936
800,988
801,1739
801,1619
801,1383
802,1713
802,1227
803,1120
803,1590
805,1556
805,2071
806,892
807,808
808,872
808,1029
809,1927
810,872
811,812
811,813
811,814
811,815
811,816
811,817
811,818
812,1648
812,1609
812,814
814,1648
814,1609
814,1650
814,1651
814,1492
815,1294
815,2478
816,818
816,840
816,1590
817,1467
818,819
818,820
818,821
818,822
818,823
818,824
818,825
818,826
818,827
818,828
818,829
818,830
818,831
818,832
818,833
818,834
818,835
818,836
818,837
818,838
818,839
818,1071
818,1320
819,1529
819,1654
820,1480
820,1599
821,1243
822,2365
823,2409
824,927
824,930
824,2584
826,1071
827,1298
827,2190
827,2191
829,1629
830,2272
831,854
831,950
833,1044
833,1053
833,1049
834,840
834,1501
834,1294
835,1071
835,2409
838,2682
840,841
840,842
840,843
840,844
840,845
840,846
840,847
840,848
840,849
840,850
840,851
842,1053
842,1742
845,1467
845,1466
845,1470
846,1504
846,1599
847,1504
847,1613
848,1679
848,1277
854,855
854,856
854,857
854,858
854,859
854,860
854,861
854,862
855,858
856,940
857,858
857,994
859,976
860,944
860,945
860,946
860,947
860,1493
861,945
861,1671
863,864
863,1266
864,875
864,1202
864,1204
864,1209
865,866
865,867
865,870
865,872
866,2073
867,1538
870,1024
870,1131
871,2492
872,1156
872,1153
872,1157
872,1158
872,1159
872,977
872,1160
872,1161
872,1029
872,1162
872,1163
872,1218
872,1237
873,880
873,1745
874,880
874,1284
875,876
875,877
875,878
875,879
875,880
875,881
875,882
875,883
875,884
875,885
875,886
875,887
875,1181
875,1202
875,1302
876,1179
877,1473
878,1202
878,881
879,1192
879,971
879,1792
880,1268
880,1269
880,1270
880,1271
880,1264
880,924
880,1272
880,882
880,1273
880,1274
880,1275
880,1276
880,1277
880,881
880,1680
881,1202
881,1083
881,1209
881,886
881,1302
882,1273
883,1305
883,1631
883,1632
883,926
883,1205
884,1879
884,1881
884,1476
884,1882
884,1389
885,1202
886,1206
887,2128
891,892
892,894
892,895
893,2322
897,1216
898,900
902,1819
903,1125
903,1599
903,2094
903,2095
903,1896
903,1728
903,2096
903,1472
903,1730
903,2460
904,905
904,906
904,908
906,1904
906,1420
906,1422
909,910
910,1136
910,1137
913,1053
913,2038
915,917
915,1217
918,919
918,920
918,921
918,1802
919,1304
920,1251
923,1206
923,1488
924,1264
925,1204
925,1302
925,1536
927,928
927,930
927,931
927,981
927,2584
928,1608
928,2409
928,930
928,2583
929,1608
929,2409
929,930
930,2653
931,2409
933,946
934,946
936,938
936,939
936,978
937,938
938,1347
938,974
938,1530
938,943
939,988
939,2145
939,2146
939,1873
940,941
940,942
940,943
942,1329
943,958
943,1102
943,961
943,963
945,1324
945,947
946,1130
946,1158
946,1847
948,1670
949,1481
949,1284
949,1018
950,951
950,952
950,953
950,954
950,955
950,956
950,957
951,1222
951,2042
951,1853
952,989
953,989
954,1031
955,1093
955,1691
956,1168
956,1173
956,1176
956,1166
957,2140
957,2142
958,1629
958,2051
962,970
964,985
964,1481
965,988
968,1015
969,971
969,1671
970,1672
971,1438
971,1442
971,1440
971,1441
971,1791
973,2382
977,1667
981,1608
984,1032
984,1669
984,2060
985,1014
985,1015
985,1211
987,1674
987,1105
987,2141
988,989
990,991
990,993
990,994
995,996
995,1120
995,1531
996,1531
996,1897
997,999
998,2240
1000,1251
1001,1795
1002,1795
1003,1795
1004,1795
1005,1006
1009,1010
1011,1012
1011,1013
1013,2234
1014,1015
1015,1016
1015,1017
1016,1445
1017,1481
1017,2356
1019,1020
1019,1192
1019,1302
1020,1471
1021,1824
1021,1829
1021,1832
1022,1832
1024,1025
1024,1026
1024,1027
1024,1029
1024,1030
1024,1031
1026,1206
1029,1157
1029,1160
1030,1318
1031,1191
1032,2179
1033,1079
1033,1081
1033,1082
1033,1083
1033,1969
1034,1035
1035,1379
1035,2149
1036,2164
1038,1039
1038,1040
1038,1041
1042,1043
1043,1397
1043,1835
1044,1045
1044,1046
1044,1047
1044,1048
1044,1049
1044,1050
1044,1051
1044,1052
1045,1608
1046,1776
1046,1799
1046,2171
1046,1048
1047,1792
1048,1053
1048,1742
1048,1799
1048,1792
1049,1695
1049,1742
1049,2491
1050,1742
1051,1053
1052,1467
1053,1054
1053,1055
1053,1056
1053,1695
1053,1934
1054,1403
1054,1684
1054,1742
1055,1915
1057,1059
1057,1062
1057,1063
1058,1060
1058,1320
1058,1070
1060,1066
1060,1067
1060,1320
1060,1063
1061,1062
1061,1071
1062,1066
1062,1070
1062,1320
1063,2092
1066,1719
1069,1070
1071,1072
1071,1073
1071,1074
1071,1434
1071,2629
1075,1090
1075,2079
1076,2054
1078,1084
1079,1206
1079,1083
1080,1082
1080,1083
1083,1206
1083,1862
1084,1085
1084,1086
1084,1564
1084,1303
1087,1088
1087,1564
1089,1197
1089,1563
1093,1095
1094,1493
1095,1378
1095,1370
1095,1376
1095,1715
1097,1098
1098,2692
1098,1101
1099,1100
1101,2691
1101,2693
1101,2692
1102,1324
1103,1105
1104,1674
1105,1670
1105,2004
1106,1107
1106,1108
1106,1111
1107,1112
1109,1111
1109,2074
1109,2076
1110,1111
1110,2097
1110,1112
1111,1113
1111,1114
1111,1115
1118,1119
1118,1590
1119,1654
1119,1563
1120,1121
1120,1122
1120,1123
1120,1124
1120,1125
1120,1126
1120,1127
1120,1128
1120,1129
1120,1130
1120,1131
1120,1132
1120,1133
1120,1134
1120,1135
1121,1892
1122,1531
1124,1795
1125,1131
1126,1131
1129,1525
1129,2073
1130,1218
1130,1559
1130,1560
1130,1219
1130,1561
1130,1562
1130,1221
1130,1563
1130,1535
1130,1564
1130,1565
1130,1131
1131,1587
1131,1303
1131,1253
1131,1588
1131,1589
1131,1590
1131,1466
1131,1591
1131,1654
1135,1256
1136,1137
1136,1138
1136,2039
1136,2238
1138,1698
1143,1144
1143,1146
1144,2398
1145,1246
1147,1323
1148,1149
1148,1150
1149,1307
1149,1298
1149,1417
1150,1151
1150,1704
1152,1153
1152,1154
1154,1344
1154,1564
1156,2119
1157,1158
1157,2127
1158,1645
1158,1159
1158,1646
1158,1161
1159,1891
1161,1646
1164,1963
1165,1168
1166,1173
1168,1169
1168,1170
1168,1171
1168,1172
1169,1885
1169,1906
1173,1174
1173,1175
1174,2147
1174,2318
1175,1814
1176,1963
1179,1180
1179,1206
1180,1181
1181,1202
1181,1206
1182,1184
1188,1190
1189,2089
1190,1418
1190,1750
1191,1756
1191,2430
1192,1193
1194,1195
1194,1196
1194,1197
1194,1198
1194,1199
1194,1200
1194,1202
1194,1206
1195,1715
1195,1464
1197,1199
1197,1375
1202,1203
1202,1204
1202,1205
1202,1206
1202,1207
1202,1208
1202,1209
1202,1210
1203,1286
1203,1267
1203,1210
1203,1206
1204,1260
1204,1261
1204,1262
1204,1287
1204,1302
1205,1305
1205,1208
1205,1979
1206,1302
1206,1384
1206,1385
1206,1386
1206,1273
1206,1387
1206,1388
1206,1389
1209,1302
1209,1746
1209,1708
1209,1280
1209,2031
1209,1284
1209,1285
1210,1302
1211,1212
1211,1214
1211,1216
1211,1217
1211,1237
1212,1214
1218,1219
1218,1220
1218,1222
1220,1957
1220,1958
1220,1513
1222,1852
1223,1224
1223,1225
1223,1227
1223,1228
1223,1229
1223,1230
1223,1231
1223,1232
1225,1264
1225,1280
1225,1230
1226,1230
1229,1230
1230,1705
1230,1601
1230,1706
1230,1707
1230,1708
1230,1709
1230,1710
1230,1711
1230,1712
1230,1714
1233,1981
1237,1238
1237,1239
1237,1240
1237,1241
1239,1488
1239,1609
1240,1512
1240,1513
1240,1514
1240,1515
1240,1516
1240,1517
1240,1518
1240,1519
1240,1520
1240,1521
1240,1522
1240,1523
1240,1524
1240,1525
1240,1526
1240,1527
1240,1528
1240,1509
1243,1738
1243,1790
1243,1501
1244,1245
1244,1246
1244,1247
1245,2347
1245,2349
1245,1247
1246,2347
1246,2349
1247,2349
1248,2398
1250,1256
1250,1257
1250,1258
1251,1252
1251,1253
1251,1254
1254,2255
1256,1748
1259,1306
1261,1262
1261,1263
1261,1302
1261,1305
1262,1306
1263,1288
1263,1279
1263,1634
1264,1280
1265,1280
1265,1290
1266,1267
1269,1634
1269,2115
1273,1288
1274,1679
1277,1467
1277,1684
1277,1679
1280,1282
1280,1283
1280,1284
1280,1285
1280,1302
1281,1302
1282,1302
1284,1708
1284,1285
1285,1302
1286,2005
1288,1305
1288,1306
1289,1290
1290,2152
1290,1675
1292,1501
1293,1501
1296,1501
1297,1298
1297,1299
1297,1300
1298,1301
1298,1302
1299,1407
1300,1407
1300,1413
1300,1417
1301,1419
1302,1303
1302,1304
1302,1305
1302,1306
1303,1587
1303,1588
1304,1675
1304,2273
1305,1536
1305,1537
1306,1537
1307,1496
1311,1959
1312,1959
1312,1318
1312,1313
1312,1316
1313,1315
1315,1483
1317,2259
1317,2261
1320,1321
1325,1326
1325,1327
1326,1327
1326,1329
1327,1328
1327,1329
1328,1329
1328,1333
1328,1504
1328,1599
1329,1330
1329,1331
1329,1332
1330,2077
1331,1729
1332,2039
1332,1676
1332,2224
1335,1336
1335,1338
1336,1340
1336,1341
1337,1342
1337,2098
1340,1341
1344,1345
1349,1350
1351,1352
1351,1353
1351,1354
1351,1355
1352,2101
1352,1354
1352,1355
1352,2174
1354,2147
1354,1355
1356,1357
1357,1358
1358,1359
1359,1423
1359,1435
1359,2610
1363,1367
1365,1367
1369,1370
1369,1371
1370,1372
1370,1378
1372,1373
1372,1374
1372,1375
1372,1376
1372,1377
1373,1623
1373,1824
1373,2079
1375,1936
1375,1960
1376,1824
1381,1382
1381,1383
1381,1592
1381,1738
1382,1621
1382,1622
1382,1608
1385,1584
1386,1979
1386,2014
1387,1390
1388,1582
1389,2014
1389,2122
1389,1882
1389,2123
1389,2124
1389,1879
1392,2310
1395,2179
1397,1398
1398,1403
1399,1400
1399,1401
1399,1402
1400,1403
1400,1835
1400,2512
1401,1835
1401,2055
1401,2512
1401,1843
1402,2512
1402,2670
1402,2669
1403,1404
1403,1405
1403,1406
1405,1406
1405,1842
1405,2013
1406,2056
1406,1844
1407,1408
1407,1409
1407,1410
1408,1688
1409,2214
1411,1419
1412,1417
1412,1875
1413,1414
1413,1415
1413,1416
1414,1419
1415,1416
1416,1420
1416,2660
1417,1418
1418,1419
1418,1565
1418,1608
1419,1420
1419,1421
1419,1422
1420,2149
1420,2163
1420,2226
1420,2319
1422,2226
1422,2319
1423,1424
1423,1426
1423,1428
1423,1429
1423,1430
1423,1432
1423,1433
1424,2591
1428,1435
1429,2609
1430,2613
1430,2212
1431,2162
1431,2591
1432,2591
1432,2592
1433,1815
1435,1437
1436,2047
1438,1439
1438,1440
1438,1441
1439,2203
1442,1799
1449,1450
1455,1457
1457,1904
1458,1889
1460,1684
1460,1687
1463,1464
1464,1684
1465,1466
1465,1467
1466,1467
1466,1776
1467,1468
1467,1469
1467,1470
1467,1471
1467,1472
1468,1684
1468,2160
1469,2256
1471,1684
1471,2025
1471,2026
1471,2171
1471,2496
1475,1476
1477,1480
1481,1482
1482,1483
1485,1990
1485,1554
1485,2548
1487,2044
1488,1489
1488,1491
1488,1492
1490,1745
1490,1653
1492,1609
1493,1494
1493,1495
1493,1496
1493,1497
1493,1498
1493,1499
1493,1500
1493,1501
1493,1502
1493,1503
1493,2704
1493,2706
1496,2202
1496,1499
1496,1500
1497,1736
1497,1769
1497,1993
1498,2368
1501,2030
1501,1833
1501,2160
1503,2671
1504,1505
1504,1599
1505,1582
1505,1599
1505,1615
1506,1507
1506,1508
1506,1509
1507,1508
1508,1521
1509,1510
1509,1823
1509,1514
1509,1775
1510,1511
1511,1823
1513,1957
1529,1795
1531,1532
1531,1533
1531,1534
1531,1535
1533,1891
1534,1715
1537,2482
1540,1543
1540,1545
1541,1543
1541,1715
1541,2361
1543,1544
1543,1545
1544,1715
1545,1715
1545,1835
1547,1548
1547,1549
1547,1550
1547,1551
1547,1553
1547,1554
1547,1555
1549,1552
1549,1663
1551,2259
1551,1806
1551,2260
1551,2261
1553,1955
1553,1948
1554,2015
1559,1893
1563,1590
1563,1793
1563,1794
1563,1564
1565,2135
1568,1569
1568,1570
1568,1571
1574,1575
1575,1577
1575,1580
1575,2121
1576,1578
1578,2006
1580,2009
1581,2118
1582,1599
1582,1609
1582,2415
1583,1599
1585,1867
1586,1802
1589,1836
1591,2108
1592,1593
1594,2467
1599,1600
1599,1601
1599,1602
1599,1603
1599,1604
1599,1605
1599,1606
1599,1607
1599,1608
1599,1609
1599,1610
1599,1611
1599,1612
1599,1613
1602,2064
1602,1627
1603,1611
1606,1616
1607,1795
1608,1692
1608,1845
1608,2363
1609,1653
1609,1650
1609,1651
1609,1652
1610,2429
1612,2653
1614,1616
1615,1618
1618,2254
1619,2435
1621,2137
1622,2267
1622,1740
1623,1624
1623,1625
1623,1626
1623,1627
1623,2186
1625,1654
1627,2467
1627,2066
1628,1629
1629,1897
1630,1921
1631,2311
1641,1642
1641,1643
1641,1644
1643,1647
1644,1824
1644,1827
1648,1649
1648,1651
1648,1652
1661,2524
1662,1663
1663,1938
1663,2167
1663,1941
1663,1942
1663,2168
1674,1675
1674,1676
1676,1693
1676,1695
1684,1685
1685,1777
1685,1915
1688,1689
1688,1690
1688,1692
1688,1693
1689,2258
1692,2258
1692,2040
1695,1934
1699,1971
1704,1891
1704,2041
1707,2525
1713,2351
1713,2355
1715,1716
1716,1717
1716,1718
1716,2127
1717,1718
1719,1720
1719,1722
1719,1724
1719,1725
1728,1729
1728,1730
1729,1730
1729,2460
1730,1818
1731,2351
1731,2357
1731,2355
1732,1733
1732,1734
1732,1735
1732,1736
1732,1737
1734,2360
1735,2132
1736,1886
1736,1855
1736,1769
1736,1770
1736,1887
1738,1739
1738,1740
1739,2317
1742,1743
1746,2031
1752,1753
1754,1976
1755,2325
1756,1757
1756,1758
1756,1760
1756,1761
1756,1762
1756,1765
1756,1766
1756,1767
1756,2063
1758,1763
1762,1768
1762,2378
1765,1768
1765,1883
1765,2063
1766,2063
1767,2063
1770,2318
1770,1990
1771,1773
1775,2386
1776,1778
1778,2173
1780,1990
1786,2230
1787,1805
1792,2085
1792,2086
1792,1800
1792,1801
1796,2172
1797,1798
1797,1799
1797,1800
1797,2338
1798,2338
1798,2342
1798,2086
1798,1915
1798,2173
1803,1804
1803,1891
1807,2374
1807,1876
1808,1963
1809,1940
1810,1963
1811,1963
1812,1963
1812,2498
1813,1963
1814,1887
1815,1818
1815,1819
1817,1818
1818,2245
1818,2246
1819,2275
1819,2277
1819,2278
1819,2279
1819,2280
1819,2281
1819,2282
1820,2591
1824,1825
1824,1826
1824,1827
1824,1828
1824,1829
1824,1830
1824,1831
1824,1832
1827,2079
1834,2106
1835,1836
1835,1837
1835,1839
1835,1840
1835,1841
1835,1842
1835,1843
1835,1844
1835,1924
1837,2512
1839,1844
1841,1924
1842,2055
1843,2055
1845,1846
1853,2042
1855,2257
1857,1873
1858,1859
1865,1866
1867,1868
1868,2678
1871,1872
1873,2390
1874,1875
1877,1878
1879,1880
1881,1890
1883,1884
1886,2477
1887,1983
1891,1892
1891,1893
1891,1894
1892,2114
1895,1896
1899,1901
1902,1903
1908,1909
1915,2340
1915,2173
1916,1918
1917,2201
1918,2320
1919,1920
1924,1925
1925,2055
1930,1931
1933,2062
1934,2442
1935,2362
1937,1942
1941,2187
1941,1942
1941,2441
1942,2533
1945,2527
1946,2016
1946,2136
1946,2252
1947,2015
1948,2015
1950,2016
1950,2136
1950,2545
1950,2546
1950,2549
1950,2550
1951,1952
1952,1953
1952,1954
1952,1955
1953,2545
1954,2137
1954,2146
1955,2136
1955,2137
1963,1964
1964,2632
1965,2381
1966,1967
1968,2404
1970,1972
1972,1973
1976,1977
1976,1978
1977,1978
1988,1989
1988,1993
1989,2642
1990,2357
1999,2000
2006,2007
2006,2008
2006,2009
2007,2008
2009,2013
2009,2121
2013,2055
2015,2495
2017,2018
2019,2021
2020,2031
2020,2525
2027,2153
2030,2106
2031,2315
2031,2316
2031,2525
2032,2034
2032,2035
2034,2035
2035,2518
2035,2522
2039,2040
2039,2428
2040,2397
2044,2045
2044,2101
2049,2671
2055,2056
2055,2057
2055,2058
2055,2059
2057,2059
2057,2669
2058,2059
2060,2061
2064,2066
2067,2068
2067,2070
2068,2069
2069,2070
2071,2072
2074,2075
2076,2327
2079,2299
2081,2082
2085,2165
2099,2101
2099,2234
2101,2102
2101,2103
2101,2104
2101,2105
2103,2105
2104,2557
2107,2403
2111,2112
2112,2365
2112,2368
2112,2371
2114,2422
2125,2338
2132,2434
2137,2138
2138,2497
2143,2144
2148,2393
2156,2157
2158,2159
2161,2162
2161,2211
2163,2426
2163,2427
2167,2556
2171,2172
2173,2510
2180,2181
2184,2185
2188,2189
2193,2194
2196,2197
2196,2416
2196,2511
2196,2678
2197,2198
2198,2308
2199,2200
2201,2250
2201,2226
2201,2251
2203,2205
2203,2206
2206,2342
2207,2208
2208,2209
2212,2615
2214,2215
2214,2216
2214,2483
2217,2218
2217,2244
2233,2234
2238,2239
2242,2243
2246,2616
2252,2499
2252,2500
2257,2642
2267,2409
2268,2269
2274,2324
2276,2281
2279,2515
2282,2590
2289,2290
2293,2294
2295,2298
2296,2297
2297,2298
2299,2300
2302,2303
2302,2304
2304,2306
2304,2675
2319,2320
2319,2321
2321,2685
2323,2436
2327,2328
2330,2331
2338,2339
2339,2450
2347,2348
2347,2349
2349,2458
2351,2352
2351,2353
2351,2354
2360,2618
2363,2616
2364,2429
2365,2366
2365,2367
2365,2368
2365,2369
2365,2370
2365,2371
2373,2530
2383,2384
2393,2394
2393,2395
2393,2396
2396,2432
2399,2400
2404,2405
2404,2406
2404,2407
2406,2564
2422,2423
2426,2427
2440,2441
2447,2448
2452,2453
2469,2484
2479,2673
2487,2489
2493,2494
2497,2498
2502,2632
2502,2633
2508,2509
2518,2519
2520,2521
2525,2526
2533,2556
2535,2542
2536,2542
2540,2541
2546,2551
2552,2553
2557,2558
2557,2559
2560,2561
2565,2566
2583,2653
2584,2653
2585,2586
2587,2588
2587,2589
2589,2592
2593,2594
2593,2595
2593,2596
2596,2597
2596,2602
2596,2604
2596,2605
2598,2615
2598,2602
2600,2613
2602,2605
2603,2624
2606,2607
2614,2623
2614,2624
2619,2620
2620,2626
2632,2633
2635,2636
2635,2639
2636,2637
2637,2638
2637,2639
2640,2641
2647,2648
2654,2655
2665,2666
2682,2684
2682,2685
2685,2686
2687,2688
2689,2690
2689,2691
2699,2700
2701,2702
2704,2705
2705,2707
